City_ID,City,Country,Date,Lat,Lng,Max Temp,Humidity,Cloudiness,Wind Speed
0,Saint George,US,2023-01-14 03:59:39,37.1041,-113.5841,52.39,54,0,9.22
1,Pitimbu,BR,2023-01-14 03:59:40,-7.4706,-34.8086,79.39,77,6,12.41
2,Torbay,CA,2023-01-14 03:59:40,47.6666,-52.7314,36.28,94,100,34.52
3,Port Elizabeth,ZA,2023-01-14 03:59:41,-33.918,25.5701,69.31,77,20,5.01
4,Mahebourg,MU,2023-01-14 03:59:42,-20.4081,57.7,80.26,73,75,9.22
5,Viradouro,BR,2023-01-14 03:59:42,-20.8731,-48.2969,67.82,97,95,3.33
6,Saint-Philippe,RE,2023-01-14 03:59:43,-21.3585,55.7679,81.99,77,92,10.51
7,Port Alfred,ZA,2023-01-14 03:59:43,-33.5906,26.891,69.19,93,82,3.31
8,Richards Bay,ZA,2023-01-14 03:59:44,-28.783,32.0377,73.9,88,5,9.46
9,Tabou,CI,2023-01-14 03:59:44,4.423,-7.3528,77.79,83,60,5.73
10,Cape Town,ZA,2023-01-14 03:59:45,-33.9258,18.4232,67.91,79,0,16.11
11,Namibe,AO,2023-01-14 03:59:46,-15.1961,12.1522,74.5,78,100,4.81
12,Victoria,HK,2023-01-14 03:59:47,22.2855,114.1577,77.97,92,75,1.01
13,Longyearbyen,SJ,2023-01-14 03:59:48,78.2186,15.6401,30.04,74,75,18.41
14,Santa Rosa,PH,2023-01-14 03:59:49,14.3122,121.1114,85.1,77,100,8.39
15,Touros,BR,2023-01-14 03:59:49,-5.1989,-35.4608,78.66,80,31,12.75
16,Lodja,CD,2023-01-14 03:59:50,-3.4833,23.4333,66.99,99,100,1.28
17,Iroquois Falls,CA,2023-01-14 03:59:51,48.7669,-80.6831,-16.89,100,20,2.73
18,Batticaloa,LK,2023-01-14 03:59:52,7.7102,81.6924,78.03,75,99,9.04
19,Opuwo,NA,2023-01-14 03:59:53,-18.0607,13.84,65.12,59,16,4.63
20,Tazovskiy,RU,2023-01-14 03:59:54,67.4667,78.7,-18.18,96,100,15.03
21,Klaksvik,FO,2023-01-14 03:59:55,62.2266,-6.589,32.92,79,100,23.58
22,Pokhvistnevo,RU,2023-01-14 03:59:55,53.6524,52.1274,-5.8,93,100,4.29
23,Adre,TD,2023-01-14 03:59:56,13.4667,22.2,58.06,22,13,10.18
24,Koratagere,IN,2023-01-14 03:59:57,13.5228,77.2331,70.56,41,99,3.89
25,Santa Cruz,BO,2023-01-14 03:55:23,-17.8,-63.1667,69.26,94,75,13.8
26,Souillac,MU,2023-01-14 03:59:59,-20.5167,57.5167,79.18,73,75,9.22
27,Nanortalik,GL,2023-01-14 04:00:00,60.1432,-45.2371,21.09,61,100,7.85
28,Ushuaia,AR,2023-01-14 04:00:01,-54.8,-68.3,40.39,93,48,3.22
29,Acari,PE,2023-01-14 04:00:03,-15.4311,-74.6158,72.57,77,2,1.81
30,Bambous Virieux,MU,2023-01-14 04:00:07,-20.3428,57.7575,80.22,71,51,12.03
31,Georgetown,MY,2023-01-14 04:00:10,5.4112,100.3354,85.93,70,20,4.61
32,Inongo,CD,2023-01-14 04:00:13,-1.95,18.2667,71.69,86,93,5.88
33,Mahanoro,MG,2023-01-14 04:00:20,-19.9,48.8,73.87,94,100,4.72
34,Ribeira Grande,PT,2023-01-14 04:00:22,38.5167,-28.7,59.77,96,100,8.01
35,Chinsali,ZM,2023-01-14 04:00:32,-10.5414,32.0816,62.46,97,100,2.48
36,Chuy,UY,2023-01-14 04:00:35,-33.6971,-53.4616,65.05,84,100,6.2
37,Jamestown,US,2023-01-14 03:57:17,42.097,-79.2353,24.03,61,99,8.01
38,Hermanus,ZA,2023-01-14 04:00:37,-34.4187,19.2345,64.18,85,65,4.27
39,Laguna,US,2023-01-14 04:00:38,38.421,-121.4238,55.06,95,75,8.05
40,Bredasdorp,ZA,2023-01-14 04:00:39,-34.5322,20.0403,64.81,79,72,1.79
41,Busselton,AU,2023-01-14 04:00:41,-33.65,115.3333,77.11,31,0,7.81
42,Centralina,BR,2023-01-14 04:00:42,-18.5839,-49.1994,70.86,94,100,3.47
43,Qaanaaq,GL,2023-01-14 04:00:43,77.484,-69.3632,2.16,70,100,5.46
44,Boa Vista,BR,2023-01-14 04:00:43,2.8197,-60.6733,76.98,78,40,10.36
45,Ileza,RU,2023-01-14 04:04:02,61.0533,43.9002,23.27,94,100,10.38
46,Saldanha,ZA,2023-01-14 04:04:03,-33.0117,17.9442,63.91,93,67,18.66
47,Makinsk,KZ,2023-01-14 04:04:05,52.6292,70.4169,11.89,80,100,13.33
48,Saint-Marc,HT,2023-01-14 04:04:06,19.1082,-72.6938,74.5,80,6,2.19
49,Tessalit,ML,2023-01-14 04:02:16,20.1986,1.0114,61.83,24,96,9.01
50,Areka,ET,2023-01-14 04:04:09,7.0667,37.7,56.28,46,55,5.53
51,Narsaq,GL,2023-01-14 04:04:10,60.9167,-46.05,12.42,72,99,11.14
52,Mar Del Plata,AR,2023-01-14 04:04:11,-38.0023,-57.5575,60.87,81,0,1.99
53,Khatra,IN,2023-01-14 04:04:13,22.9833,86.85,72.75,43,0,2.77
54,Adrar,MR,2023-01-14 04:04:15,20.5022,-10.0711,58.86,23,0,11.61
55,Mgandu,TZ,2023-01-14 04:04:15,-5.95,34.1333,60.21,96,100,3.31
56,Olafsvik,IS,2023-01-14 04:04:16,64.8945,-23.7142,27.64,78,96,21.85
57,Baloda Bazar,IN,2023-01-14 04:04:18,21.6667,82.1667,71.1,37,0,2.48
58,Ancud,CL,2023-01-14 04:04:19,-41.8697,-73.8203,52.83,83,69,3.09
59,Atasu,KZ,2023-01-14 04:04:19,48.6814,71.6433,-3.1,92,80,8.72
60,Hwange,ZW,2023-01-14 04:04:20,-18.3693,26.5019,67.37,88,97,2.1
61,Punta Arenas,CL,2023-01-14 04:01:13,-53.15,-70.9167,46.11,61,66,18.03
62,Novouzensk,RU,2023-01-14 04:04:21,50.4592,48.1431,10.87,77,18,11.34
63,Vardo,NO,2023-01-14 04:01:44,70.3705,31.1107,26.58,86,14,24.16
64,Monrovia,LR,2023-01-14 04:04:22,6.3005,-10.7969,77.34,87,98,3.74
65,Codrington,AU,2023-01-14 04:04:23,-38.2667,141.9667,86.14,36,5,13.18
66,Brae,GB,2023-01-14 04:04:24,60.3964,-1.353,40.44,78,74,14.54
67,Lagoa,PT,2023-01-14 04:04:25,39.05,-27.9833,59.29,93,100,18.34
68,Hithadhoo,MV,2023-01-14 04:04:26,-0.6,73.0833,80.35,69,99,13.85
69,Tasiilaq,GL,2023-01-14 04:04:27,65.6145,-37.6368,14.16,76,100,11.1
70,Kanturk,IE,2023-01-14 04:04:28,52.1667,-8.9,47.14,92,100,11.45
71,Destin,US,2023-01-14 04:04:29,30.3935,-86.4958,42.06,67,75,8.05
72,Jurilovca,RO,2023-01-14 04:04:30,44.7667,28.8667,32.09,91,98,3.58
73,Carora,VE,2023-01-14 04:04:31,10.1755,-70.0827,72.64,81,22,6.29
74,Alto Araguaia,BR,2023-01-14 04:04:31,-17.3147,-53.2153,68.22,97,99,5.23
75,Beloha,MG,2023-01-14 04:04:32,-25.1667,45.05,75.72,82,3,11.25
76,Kudahuvadhoo,MV,2023-01-14 04:04:34,2.6708,72.8944,79.84,63,73,11.81
77,East London,ZA,2023-01-14 04:01:32,-33.0153,27.9116,72.84,78,87,1.74
78,Cividale Del Friuli,IT,2023-01-14 04:04:35,46.0931,13.4275,45.37,86,14,5.82
79,Ndago,TZ,2023-01-14 04:04:36,-4.6,34.35,60.55,91,99,4.34
80,Jutai,BR,2023-01-14 04:04:37,-5.1833,-68.9,69.62,99,94,1.95
81,Salalah,OM,2023-01-14 04:04:37,17.0151,54.0924,72.3,76,96,8.08
82,Iranshahr,IR,2023-01-14 04:04:38,27.2025,60.6848,37.74,41,0,0.0
83,Maputo,MZ,2023-01-14 04:01:00,-25.9653,32.5892,75.38,89,27,1.23
84,Aknalich,AM,2023-01-14 04:04:39,40.1432,44.1498,22.24,69,61,1.16
85,Bremervorde,DE,2023-01-14 04:04:40,53.4833,9.1333,44.13,89,83,14.09
86,Traverse City,US,2023-01-14 04:04:40,44.7631,-85.6206,25.0,75,100,9.22
87,Bumba,CD,2023-01-14 04:04:41,2.1833,22.4667,66.78,59,52,1.79
88,Anloga,GH,2023-01-14 04:04:41,5.7947,0.8973,78.75,83,33,7.67
89,Hamilton,US,2023-01-14 04:04:41,39.1834,-84.5333,32.81,80,100,14.97
90,Pangnirtung,CA,2023-01-14 04:04:42,66.1451,-65.7125,-28.19,100,100,3.53
91,Buzdyak,RU,2023-01-14 04:04:42,54.5833,54.55,10.22,71,100,14.03
92,Mpulungu,ZM,2023-01-14 04:05:43,-8.7623,31.1141,70.2,87,100,5.14
93,Caravelas,BR,2023-01-14 04:05:44,-17.7125,-39.2481,74.64,91,5,5.46
94,Wajir,KE,2023-01-14 04:05:45,1.7471,40.0573,71.46,70,6,11.14
95,Andahuaylas,PE,2023-01-14 04:05:46,-13.6556,-73.3872,51.24,87,95,0.94
96,Yar-Sale,RU,2023-01-14 04:05:47,66.8333,70.8333,-10.12,100,99,4.63
97,Pilar,BR,2023-01-14 04:04:40,-9.5972,-35.9567,75.13,93,22,4.12
98,Yenagoa,NG,2023-01-14 04:05:48,4.9247,6.2642,74.41,92,99,3.38
99,Pontal Do Parana,BR,2023-01-14 04:05:49,-25.6533,-48.5128,75.56,87,100,3.33
100,Padre Bernardo,BR,2023-01-14 04:05:50,-15.35,-48.5,68.47,95,100,1.01
101,Quelimane,MZ,2023-01-14 04:05:50,-17.8786,36.8883,76.5,84,74,1.5
102,Dikson,RU,2023-01-14 04:05:51,73.5069,80.5464,-34.64,94,17,5.59
103,Marsa Matruh,EG,2023-01-14 04:05:51,31.3525,27.2453,57.97,65,17,12.1
104,Mahon,ES,2023-01-14 04:05:51,39.8885,4.2658,46.96,93,0,0.0
105,Kouango,CF,2023-01-14 04:05:52,4.9934,19.9619,70.74,31,100,1.9
106,Shu,KZ,2023-01-14 04:05:53,43.5983,73.7614,-4.16,87,15,3.51
107,Dorchester,US,2023-01-14 04:05:54,33.1002,-80.3831,44.98,92,100,8.05
108,Grindavik,IS,2023-01-14 04:05:55,63.8424,-22.4338,27.07,63,0,9.22
109,Darab,IR,2023-01-14 04:05:56,28.7519,54.5444,45.05,46,1,2.55
110,Yabrud,SY,2023-01-14 04:05:57,33.9674,36.6574,34.2,92,76,6.51
111,Itarema,BR,2023-01-14 04:05:24,-2.9248,-39.9167,78.04,84,64,12.01
112,Pavlodar,KZ,2023-01-14 04:05:59,52.3,76.95,12.0,73,100,17.9
113,Sistranda,NO,2023-01-14 04:02:29,63.7256,8.834,31.96,72,100,13.51
114,Vieste,IT,2023-01-14 04:05:59,41.8825,16.175,53.26,74,45,5.06
115,Krasnogvardeyskiy,RU,2023-01-14 04:06:00,57.3793,62.3195,16.3,75,100,14.2
116,Velyka Lepetykha,UA,2023-01-14 04:06:00,47.1757,33.9436,28.04,92,73,7.87
117,Hofn,IS,2023-01-14 04:06:02,64.2539,-15.2082,25.18,80,100,16.73
118,Hambantota,LK,2023-01-14 04:06:03,6.1241,81.1185,79.14,83,0,6.91
119,Jurado,CO,2023-01-14 04:06:06,7.1053,-77.7641,74.16,94,100,4.9
120,Bathsheba,BB,2023-01-14 04:06:07,13.2167,-59.5167,77.61,88,40,13.8
121,Chapais,CA,2023-01-14 04:06:08,49.7834,-74.8492,-8.28,90,8,6.24
122,Abu Samrah,SY,2023-01-14 04:06:09,35.3029,37.1841,44.01,83,100,8.9
123,Kusti,SD,2023-01-14 04:06:10,13.1629,32.6635,64.09,25,67,9.22
124,Kjollefjord,NO,2023-01-14 04:06:11,70.9457,27.3465,33.85,80,19,19.57
125,Stirion,GR,2023-01-14 04:06:13,38.4,22.7167,34.7,75,1,2.04
126,Maraa,BR,2023-01-14 04:06:14,-1.8333,-65.3667,72.36,95,100,2.77
127,Cape Girardeau,US,2023-01-14 04:06:16,37.3834,-89.7168,31.59,74,83,3.0
128,Surt,LY,2023-01-14 04:06:17,31.2089,16.5887,58.59,77,39,9.86
129,Goderich,CA,2023-01-14 04:02:13,43.7501,-81.7165,25.92,73,91,18.37
130,Upernavik,GL,2023-01-14 04:06:20,72.7868,-56.1549,0.77,57,100,7.2
131,Sao Joao Da Barra,BR,2023-01-14 04:06:22,-21.6403,-41.0511,75.7,89,100,21.54
132,Taman,RU,2023-01-14 04:06:23,45.2117,36.7161,35.33,80,5,6.26
133,Cidreira,BR,2023-01-14 04:06:25,-30.1811,-50.2056,70.61,88,100,5.82
134,Semnan,IR,2023-01-14 04:06:27,35.5729,53.3971,22.87,52,11,1.1
135,Oranjestad,AW,2023-01-14 04:06:28,12.524,-70.027,77.92,90,0,1.99
136,Jalu,LY,2023-01-14 04:06:30,29.0331,21.5482,51.84,73,1,8.68
137,Nantucket,US,2023-01-14 04:05:26,41.2835,-70.0995,48.34,94,100,4.61
138,Esna,EG,2023-01-14 04:06:32,25.2934,32.554,50.4,60,0,5.3
139,Iqaluit,CA,2023-01-14 04:07:33,63.7506,-68.5145,-32.24,90,32,5.3
140,Cockburn Town,TC,2023-01-14 04:07:33,21.4612,-71.1419,78.57,79,9,15.08
141,Midland,US,2023-01-14 04:04:22,31.9974,-102.0779,50.67,33,0,8.05
142,Gudari,IN,2023-01-14 04:07:35,19.35,83.7833,78.6,41,58,1.36
143,Kavaratti,IN,2023-01-14 04:07:36,10.5669,72.642,80.38,66,89,12.8
144,Moose Factory,CA,2023-01-14 04:07:37,51.2585,-80.6094,-16.62,76,0,3.44
145,Kalabo,ZM,2023-01-14 04:07:38,-14.97,22.6814,62.17,99,98,2.8
146,Mayumba,GA,2023-01-14 04:07:39,-3.432,10.6554,76.21,85,99,3.69
147,Nara,JP,2023-01-14 04:04:57,34.6851,135.8049,54.97,97,100,1.01
148,Vila Velha,BR,2023-01-14 04:07:41,-20.3297,-40.2925,78.75,87,75,8.05
149,Svetlyy,RU,2023-01-14 04:07:41,54.675,20.1347,42.85,83,85,20.51
150,Matadi,CD,2023-01-14 04:07:44,-5.8167,13.45,73.35,95,72,0.72
151,Presidencia Roque Saenz Pena,AR,2023-01-14 04:07:45,-26.7852,-60.4388,65.98,78,7,3.2
152,Harper,LR,2023-01-14 04:07:46,4.375,-7.7169,78.31,81,95,4.32
153,Ponta Do Sol,PT,2023-01-14 04:07:47,32.6667,-17.1,61.43,74,13,6.17
154,Shache,CN,2023-01-14 04:07:48,38.4167,77.2406,17.33,88,100,4.59
155,Kokstad,ZA,2023-01-14 04:07:48,-30.5472,29.4241,63.64,62,0,3.85
156,Faya,SA,2023-01-14 04:07:49,18.3851,42.4509,52.32,73,24,4.21
157,Los Llanos De Aridane,ES,2023-01-14 04:07:49,28.6585,-17.9182,62.35,71,75,9.22
158,Port-Gentil,GA,2023-01-14 04:07:50,-0.7193,8.7815,79.84,79,38,8.9
159,Matagami,CA,2023-01-14 04:07:53,49.7502,-77.6328,-19.05,100,7,3.15
160,Narnaul,IN,2023-01-14 04:07:53,28.0444,76.1083,52.32,45,0,7.4
161,Blagaj,BA,2023-01-14 04:07:54,43.2575,17.8886,39.16,87,0,3.44
162,Vila Franca Do Campo,PT,2023-01-14 04:07:55,37.7167,-25.4333,63.01,88,100,17.36
163,Mezen,RU,2023-01-14 04:07:56,65.8522,44.24,30.72,94,100,9.22
164,Berlevag,NO,2023-01-14 04:07:57,70.8578,29.0864,31.95,74,13,19.57
165,Sao Miguel Do Araguaia,BR,2023-01-14 04:05:36,-13.275,-50.1628,71.8,94,100,3.22
166,Gat,IL,2023-01-14 04:07:58,31.61,34.7642,56.39,100,11,9.4
167,Cascais,PT,2023-01-14 04:07:59,38.6979,-9.4215,58.51,85,100,15.01
168,Pisco,PE,2023-01-14 04:08:00,-13.7,-76.2167,69.85,78,0,2.3
169,Arlit,NE,2023-01-14 04:08:01,18.7369,7.3853,58.14,26,15,5.08
170,Uhlove,UA,2023-01-14 04:08:02,44.8215,33.6045,38.62,87,55,2.57
171,Kruisfontein,ZA,2023-01-14 04:08:03,-34.0033,24.7314,63.88,81,93,1.86
172,Nardaran,AZ,2023-01-14 04:08:04,40.5561,50.0056,37.04,81,100,13.8
173,Marawi,PH,2023-01-14 04:08:06,7.9986,124.2928,74.16,92,100,3.98
174,Diego De Almagro,CL,2023-01-14 04:08:08,-26.3667,-70.05,61.0,63,0,1.1
175,Sundsvall,SE,2023-01-14 04:08:09,62.3913,17.3063,28.36,93,100,8.05
176,Ellsworth,US,2023-01-14 04:05:54,44.5434,-68.4195,38.64,94,100,10.36
177,Luderitz,NA,2023-01-14 04:08:11,-26.6481,15.1594,63.75,68,1,19.39
178,The Valley,AI,2023-01-14 04:08:12,18.217,-63.0578,78.1,73,0,18.52
179,Ndele,CF,2023-01-14 04:08:13,8.4109,20.6473,66.09,31,84,4.45
180,Baghmara,IN,2023-01-14 04:08:14,23.795,86.2085,71.87,37,0,0.92
181,Waterfoot,GB,2023-01-14 04:08:16,53.6929,-2.2525,46.56,96,100,8.99
182,Shambu,ET,2023-01-14 04:08:18,9.5667,37.1,51.46,75,85,1.28
183,Epe,NG,2023-01-14 04:08:19,6.5841,3.9834,72.77,95,100,1.05
184,Podor,MR,2023-01-14 04:09:21,16.6527,-14.9587,73.26,11,87,9.93
185,Lowestoft,GB,2023-01-14 04:09:22,52.4752,1.7516,47.95,88,100,18.45
186,Amla,IN,2023-01-14 04:09:22,21.9333,78.1167,63.0,41,0,5.55
187,Pedernales,DO,2023-01-14 04:09:23,18.0384,-71.744,75.45,75,0,2.24
188,Arraial Do Cabo,BR,2023-01-14 04:09:23,-22.9661,-42.0278,75.07,92,100,23.22
189,Saint-Leu,RE,2023-01-14 04:09:23,-21.15,55.2833,81.46,73,94,1.54
190,Skeldon,GY,2023-01-14 04:09:24,5.8833,-57.1333,73.6,94,68,5.3
191,Haverfordwest,GB,2023-01-14 04:09:24,51.8017,-4.9691,53.06,96,100,11.01
192,Sao Jose Da Coroa Grande,BR,2023-01-14 04:09:25,-8.8978,-35.1478,77.41,80,25,8.32
193,Gravdal,NO,2023-01-14 04:09:26,68.1214,13.5031,34.72,60,99,22.73
194,Stornoway,GB,2023-01-14 04:09:27,58.2093,-6.3865,40.96,88,100,23.02
195,Cayenne,GF,2023-01-14 04:09:28,4.9333,-52.3333,75.24,94,100,4.61
196,Salinopolis,BR,2023-01-14 04:09:28,-0.6136,-47.3561,78.26,86,82,9.08
197,Moron,AR,2023-01-14 04:09:29,-34.6534,-58.6198,75.96,53,0,5.41
198,San Rafael,AR,2023-01-14 04:06:21,-34.6177,-68.3301,74.57,30,0,11.14
199,Carutapera,BR,2023-01-14 04:09:31,-1.195,-46.02,76.06,89,79,5.99
200,Moengo,SR,2023-01-14 04:09:33,5.6167,-54.4,71.62,99,57,2.08
201,Santa Cruz Cabralia,BR,2023-01-14 04:09:34,-16.2781,-39.0247,77.23,94,20,2.3
202,Santiago Del Estero,AR,2023-01-14 04:05:01,-27.7951,-64.2615,72.03,42,0,4.18
203,Skibbereen,IE,2023-01-14 04:09:37,51.55,-9.2667,47.1,89,100,18.43
204,Newport,GB,2023-01-14 04:09:38,51.5877,-2.9984,50.83,94,100,26.71
205,Henties Bay,NA,2023-01-14 04:09:39,-22.116,14.2845,65.23,83,97,5.26
206,Celica,EC,2023-01-14 04:09:39,-4.1167,-79.95,59.74,80,100,2.1
207,Praia Da Vitoria,PT,2023-01-14 04:09:40,38.7333,-27.0667,61.75,97,100,28.19
208,Tiznit,MA,2023-01-14 04:09:41,29.5833,-9.5,56.77,45,0,2.98
209,Ustka,PL,2023-01-14 04:09:42,54.5805,16.8619,42.66,82,97,27.18
210,Roald,NO,2023-01-14 04:09:43,62.5833,6.1333,38.75,93,75,12.66
211,Walvis Bay,NA,2023-01-14 04:09:44,-22.9575,14.5053,64.09,82,85,6.78
212,Zaysan,KZ,2023-01-14 04:09:45,47.4667,84.8667,-9.94,85,9,1.72
213,Muravlenko,RU,2023-01-14 04:09:46,63.7898,74.523,0.19,98,99,8.81
214,Luba,GQ,2023-01-14 04:09:47,3.4568,8.5547,78.82,84,32,5.17
215,Independencia,BR,2023-01-14 04:09:48,-5.3964,-40.3086,75.63,61,64,5.46
216,Shubarshi,KZ,2023-01-14 04:09:49,48.5872,57.1869,6.15,97,26,4.94
217,Lubango,AO,2023-01-14 04:09:49,-14.9172,13.4925,57.33,89,100,1.97
218,Maamba,ZM,2023-01-14 04:09:50,-17.3667,27.15,66.63,91,98,0.22
219,Kilindoni,TZ,2023-01-14 04:09:51,-7.9139,39.6668,80.64,76,96,7.0
220,Ilulissat,GL,2023-01-14 04:09:52,69.2167,-51.1,8.62,56,100,28.77
221,Road Town,VG,2023-01-14 04:09:52,18.4167,-64.6167,77.09,72,0,18.43
222,Havre-Saint-Pierre,CA,2023-01-14 04:09:53,50.2334,-63.5986,19.76,79,100,23.02
223,Carnarvon,AU,2023-01-14 04:09:54,-24.8667,113.6333,87.13,45,0,15.52
224,Bandarbeyla,SO,2023-01-14 04:09:55,9.4942,50.8122,76.32,73,72,16.53
225,Hukuntsi,BW,2023-01-14 04:09:56,-24.0,21.75,68.85,33,0,9.89
226,Madison,US,2023-01-14 04:09:57,34.7334,-86.5667,35.33,79,100,17.27
227,Inhambane,MZ,2023-01-14 04:10:58,-23.865,35.3833,77.79,84,12,5.64
228,Kisangani,CD,2023-01-14 04:10:58,0.5167,25.2,72.18,69,96,1.48
229,Camacari,BR,2023-01-14 04:10:59,-12.6975,-38.3242,80.37,90,5,2.77
230,Necochea,AR,2023-01-14 04:10:59,-38.5473,-58.7368,56.39,81,1,4.32
231,Bom Jesus,BR,2023-01-14 04:11:00,-9.0744,-44.3586,73.24,72,67,0.36
232,Bonfim,BR,2023-01-14 04:11:00,3.0833,-59.95,77.04,77,100,7.56
233,Bentiu,SS,2023-01-14 04:11:01,9.2333,29.8333,68.5,30,36,4.83
234,Togur,RU,2023-01-14 04:11:01,58.3631,82.8265,8.22,94,100,13.35
235,Kabare,CD,2023-01-14 04:11:01,-2.4683,28.8242,57.65,94,78,0.25
236,Dasoguz,TM,2023-01-14 04:11:02,41.8363,59.9666,14.67,38,0,10.85
237,Sembe,CG,2023-01-14 04:11:03,1.6481,14.5806,67.41,62,14,0.96
238,Aquiraz,BR,2023-01-14 04:11:03,-3.9014,-38.3911,81.18,83,93,11.92
239,Dwarka,IN,2023-01-14 04:11:04,22.2394,68.9678,66.61,39,6,12.06
240,San Cristobal,VE,2023-01-14 04:11:05,7.7669,-72.225,69.98,90,4,1.95
241,Raga,SS,2023-01-14 04:11:06,8.4596,25.678,64.15,29,2,4.05
242,Camacha,PT,2023-01-14 04:11:07,33.0833,-16.3333,58.42,67,75,9.22
243,Bolshaya Sosnova,RU,2023-01-14 04:11:08,57.6713,54.6029,12.63,90,100,16.13
244,Umm Lajj,SA,2023-01-14 04:11:09,25.0213,37.2685,63.86,60,27,7.74
245,Barcelona,ES,2023-01-14 04:10:12,41.3888,2.159,51.55,75,0,10.36
246,Lienz,AT,2023-01-14 04:11:10,46.8289,12.769,28.29,93,23,5.35
247,Kulu,TR,2023-01-14 04:11:11,39.0951,33.0799,34.02,53,58,4.43
248,Benjamin Constant,BR,2023-01-14 04:11:11,-4.3831,-70.0311,73.53,97,88,1.92
249,Sao Filipe,CV,2023-01-14 04:11:12,14.8961,-24.4956,72.84,65,2,3.87
250,Oranjemund,NA,2023-01-14 04:11:14,-28.55,16.4333,60.66,95,5,9.55
251,Srivardhan,IN,2023-01-14 04:08:14,18.0333,73.0167,70.56,66,6,4.05
252,Bull Savanna,JM,2023-01-14 04:11:16,17.8868,-77.5902,70.34,84,51,6.42
253,Takoradi,GH,2023-01-14 04:07:38,4.8845,-1.7554,78.03,83,25,2.84
254,Yarmouth,US,2023-01-14 04:11:18,41.7057,-70.2286,48.34,97,100,14.97
255,Mounana,GA,2023-01-14 04:11:19,-1.4085,13.1586,69.15,87,11,1.88
256,Dothan,US,2023-01-14 04:11:18,31.2232,-85.3905,41.2,64,100,13.8
257,Deep River,CA,2023-01-14 04:11:22,46.1001,-77.4995,6.1,86,25,7.74
258,Husavik,IS,2023-01-14 04:11:26,66.0449,-17.3389,18.73,93,100,6.87
259,Fenoarivo Atsinanana,MG,2023-01-14 04:11:26,-17.3667,49.4167,75.58,91,64,5.03
260,Jasper,US,2023-01-14 04:11:30,37.2001,-94.3502,26.04,80,0,0.0
261,Rabo De Peixe,PT,2023-01-14 04:11:30,37.8,-25.5833,62.11,94,40,18.41
262,Skjervoy,NO,2023-01-14 04:11:31,70.0311,20.9714,26.6,66,14,12.19
263,Guider,CM,2023-01-14 04:07:13,9.9342,13.9486,67.26,25,1,6.17
264,Harer,ET,2023-01-14 04:11:33,9.3094,42.1258,53.22,56,67,1.39
265,Ponta Delgada,PT,2023-01-14 04:11:34,37.7333,-25.6667,63.32,94,40,18.41
266,Acarau,BR,2023-01-14 04:11:35,-2.8856,-40.12,78.15,85,64,12.66
267,Pinsk,BY,2023-01-14 04:11:35,52.1229,26.0951,38.12,95,100,10.02
268,Ostrovnoy,RU,2023-01-14 04:11:36,68.0531,39.5131,33.42,91,99,16.33
269,Borinskoye,RU,2023-01-14 04:11:37,52.4569,39.3713,22.75,93,100,9.78
270,Siilinjarvi,FI,2023-01-14 04:11:39,63.0833,27.6667,35.62,93,75,16.11
271,Guaruja,BR,2023-01-14 04:12:39,-23.9931,-46.2564,75.88,26,91,1.01
272,Calabar,NG,2023-01-14 04:12:40,4.9517,8.322,72.46,92,16,2.89
273,Rubiataba,BR,2023-01-14 04:12:40,-15.1644,-49.8033,68.79,94,100,2.08
274,Turochak,RU,2023-01-14 04:12:40,52.2576,87.1224,8.08,95,100,1.5
275,Ati,TD,2023-01-14 04:12:41,13.2154,18.3353,61.3,17,0,8.03
276,Purpe,RU,2023-01-14 04:12:43,64.4803,76.6897,0.32,98,97,5.79
277,Natal,BR,2023-01-14 04:12:43,-5.795,-35.2094,77.65,88,20,3.44
278,San Luis,AR,2023-01-14 04:11:29,-33.295,-66.3356,68.99,32,0,10.51
279,Nouadhibou,MR,2023-01-14 04:12:45,20.931,-17.0347,66.36,56,0,12.77
280,Lafia,NG,2023-01-14 04:12:46,8.4833,8.5167,70.84,24,99,3.13
281,Were Ilu,ET,2023-01-14 04:12:47,10.6,39.4333,45.05,66,44,5.21
282,Rocha,UY,2023-01-14 04:12:49,-34.4833,-54.3333,61.16,87,99,4.88
283,Batouri,CM,2023-01-14 04:12:49,4.4333,14.3667,65.79,39,26,1.99
284,Doka,SD,2023-01-14 04:12:49,13.5167,35.7667,68.92,65,98,11.92
285,Santa Maria,BR,2023-01-14 04:12:50,-29.6842,-53.8069,66.51,95,100,3.02
286,Najran,SA,2023-01-14 04:12:51,17.4924,44.1277,57.58,56,77,0.56
287,Asuncion,PY,2023-01-14 04:08:00,-25.3007,-57.6359,67.44,94,0,0.0
288,Carlisle,US,2023-01-14 04:12:52,40.2015,-77.1889,35.64,69,73,4.0
289,Padang,ID,2023-01-14 04:12:53,-0.9492,100.3543,84.25,75,99,0.29
290,Aksu,CN,2023-01-14 04:12:54,41.1231,80.2644,16.12,90,100,1.7
291,Mushie,CD,2023-01-14 04:12:55,-3.0167,16.9,69.28,93,59,2.15
292,Muisne,EC,2023-01-14 04:12:56,0.6,-80.0333,76.28,84,98,5.28
293,Liverpool,GB,2023-01-14 04:12:57,53.4106,-2.9779,47.14,92,100,13.8
294,Kang,BW,2023-01-14 04:12:58,-23.6752,22.7876,66.88,40,0,7.25
295,Huarmey,PE,2023-01-14 04:12:58,-10.0681,-78.1522,69.53,79,100,6.53
296,Coihaique,CL,2023-01-14 04:12:59,-45.5752,-72.0662,53.55,71,100,4.61
297,Lebu,CL,2023-01-14 04:13:00,-37.6167,-73.65,56.28,81,19,19.17
298,Mogadishu,SO,2023-01-14 04:13:01,2.0371,45.3438,76.08,83,15,15.35
299,Jacareacanga,BR,2023-01-14 04:13:02,-6.2222,-57.7528,71.38,99,100,2.01
300,Barcelos,PT,2023-01-14 04:13:03,41.5388,-8.6151,53.74,84,100,6.11
301,Khorixas,NA,2023-01-14 04:13:05,-20.3667,14.9667,63.37,62,0,1.68
302,Barao De Melgaco,BR,2023-01-14 04:13:05,-16.1944,-55.9675,71.02,94,86,4.29
303,Panaba,MX,2023-01-14 04:13:06,21.2833,-88.2667,64.72,68,0,8.81
304,Kwakoa,TZ,2023-01-14 04:13:07,-3.7667,37.7167,66.61,91,29,2.98
305,Itatskiy,RU,2023-01-14 04:13:08,56.07,89.0369,6.3,92,100,16.73
306,Sao Jose De Piranhas,BR,2023-01-14 04:13:09,-7.1206,-38.5019,76.37,61,100,5.77
307,Saint Anthony,US,2023-01-14 04:13:10,45.0205,-93.218,17.55,90,100,9.22
308,Westport,US,2023-01-14 04:11:19,41.1415,-73.3579,39.18,77,100,13.8
309,Arraias,BR,2023-01-14 04:13:12,-12.9288,-46.9437,67.66,94,100,0.69
310,Riyadh,SA,2023-01-14 04:13:13,24.6877,46.7219,51.94,75,100,8.68
311,Maniitsoq,GL,2023-01-14 04:13:14,65.4167,-52.9,13.69,70,100,14.72
312,Bengkulu,ID,2023-01-14 04:13:15,-3.8004,102.2655,82.71,69,82,4.9
313,Rio Gallegos,AR,2023-01-14 04:08:45,-51.6226,-69.2181,48.25,53,0,14.97
314,Middle Island,US,2023-01-14 04:13:19,40.8843,-72.9373,39.25,78,100,20.71
315,Hammerfest,NO,2023-01-14 04:13:20,70.6634,23.6821,32.45,80,44,4.61
316,Aviles,ES,2023-01-14 04:13:21,43.5547,-5.9248,54.79,79,0,6.91
317,Nuevitas,CU,2023-01-14 04:14:24,21.5453,-77.2644,69.31,84,27,7.43
318,Blagoyevo,RU,2023-01-14 04:14:25,63.3667,47.9167,27.18,94,99,8.21
319,Jalalabad,AF,2023-01-14 04:14:26,34.4265,70.4515,36.55,19,0,4.32
320,Tukrah,LY,2023-01-14 04:14:27,32.5341,20.5791,59.5,61,94,10.27
321,Havoysund,NO,2023-01-14 04:14:29,70.9963,24.6622,34.03,84,58,13.18
322,Botelhos,BR,2023-01-14 04:14:30,-21.6333,-46.395,65.34,98,100,1.3
323,Vilhena,BR,2023-01-14 04:12:08,-12.7406,-60.1458,69.39,96,99,4.7
324,Tsabong,BW,2023-01-14 04:14:32,-26.0217,22.401,73.33,28,0,9.31
325,Cheremukhovo,RU,2023-01-14 04:14:33,60.3484,59.9851,7.27,92,89,5.21
326,Comodoro Rivadavia,AR,2023-01-14 04:12:11,-45.8667,-67.5,64.26,45,0,29.93
327,Kutum,SD,2023-01-14 04:14:35,14.2,24.6667,52.14,23,6,5.95
328,Caxito,AO,2023-01-14 04:14:36,-8.5785,13.6643,71.33,95,99,2.71
329,Naron,ES,2023-01-14 04:14:37,43.5167,-8.1528,59.85,82,100,17.22
330,Denizli,TR,2023-01-14 04:14:37,37.8402,29.0698,45.66,87,94,0.98
331,Santa Lucia,ES,2023-01-14 04:14:38,27.9117,-15.5407,56.52,77,40,10.36
332,Mehamn,NO,2023-01-14 04:14:39,71.0357,27.8492,31.91,80,15,19.57
333,San Juan,AR,2023-01-14 04:13:46,-31.5375,-68.5364,76.84,27,0,4.34
334,Cabinda,AO,2023-01-14 04:14:42,-5.55,12.2,75.31,88,88,2.13
335,Susangerd,IR,2023-01-14 04:14:43,31.5608,48.1831,56.43,63,100,7.2
336,Sisimiut,GL,2023-01-14 04:14:44,66.9395,-53.6735,9.18,72,100,18.07
337,Taoudenni,ML,2023-01-14 04:14:45,22.6783,-3.9836,61.68,29,1,11.3
338,Muyezerskiy,RU,2023-01-14 04:14:45,63.9333,31.65,33.24,97,100,12.41
339,Mogwase,ZA,2023-01-14 04:14:46,-25.185,27.2665,66.45,50,0,2.08
340,Khash,IR,2023-01-14 04:14:47,28.2211,61.2158,29.05,20,27,6.29
341,Arkhipo-Osipovka,RU,2023-01-14 04:14:48,44.37,38.52,40.42,68,0,1.79
342,Havelock,US,2023-01-14 04:14:48,34.8791,-76.9013,49.96,80,100,1.01
343,Abnub,EG,2023-01-14 04:14:49,27.2696,31.1511,48.29,62,2,2.82
344,Chermoz,RU,2023-01-14 04:14:50,58.787,56.1489,15.89,89,100,15.55
345,Sokolo,ML,2023-01-14 04:14:51,14.7328,-6.1219,67.14,15,62,9.95
346,Castro,BR,2023-01-14 04:13:47,-24.7911,-50.0119,65.08,97,100,4.29
347,Renfrew,GB,2023-01-14 04:14:52,55.872,-4.3925,47.55,90,100,8.05
348,Lyuban,BY,2023-01-14 04:14:53,52.7985,28.0048,32.85,93,100,10.22
349,Kargil,IN,2023-01-14 04:14:54,34.5667,76.1,4.41,85,54,3.31
350,Mitsamiouli,KM,2023-01-14 04:14:55,-11.3847,43.2844,81.39,72,96,3.4
351,Setermoen,NO,2023-01-14 04:14:56,68.861,18.3486,27.1,87,79,4.0
352,Ugoofaaru,MV,2023-01-14 04:14:56,5.6667,73.0,78.96,66,71,7.34
353,Kangaatsiaq,GL,2023-01-14 04:14:57,68.3065,-53.4641,-1.37,76,100,10.25
354,Leh,IN,2023-01-14 04:14:59,34.1667,77.5833,11.64,89,92,5.99
355,Bela,IN,2023-01-14 04:15:00,25.9333,81.9833,66.36,57,0,4.9
356,Fern Creek,US,2023-01-14 04:15:00,38.1598,-85.5877,33.31,76,100,18.41
357,Velikodvorskiy,RU,2023-01-14 04:15:01,55.25,40.6678,19.99,94,100,9.84
358,Chipata,ZM,2023-01-14 04:15:02,-13.6333,32.65,63.41,95,99,1.25
359,Barentu,ER,2023-01-14 04:15:04,15.1139,37.5928,62.22,83,25,2.68
360,Tibu,CO,2023-01-14 04:15:06,8.639,-72.7358,71.56,98,28,1.79
361,Rock Sound,BS,2023-01-14 04:15:07,24.9,-76.2,76.03,69,0,21.88
362,Codajas,BR,2023-01-14 04:15:08,-3.8367,-62.0569,72.68,99,100,1.59
363,Somerset,US,2023-01-14 04:13:27,40.5668,-74.5496,39.06,74,100,9.22
364,General Roca,AR,2023-01-14 04:16:10,-39.0333,-67.5833,78.53,16,0,5.53
365,Gusau,NG,2023-01-14 04:16:11,12.1628,6.6614,60.8,16,31,11.54
366,Mumford,GH,2023-01-14 04:16:12,5.2618,-0.759,77.49,88,15,3.18
367,Ubinskoye,RU,2023-01-14 04:16:14,55.3068,79.6802,5.59,93,100,17.65
368,Catalina,US,2023-01-14 04:16:15,32.5056,-110.9211,61.48,33,96,4.92
369,Rehoboth,NA,2023-01-14 04:16:17,-23.3167,17.0833,72.19,23,0,2.71
370,Tshela,CD,2023-01-14 04:16:18,-4.9833,12.9333,70.03,99,80,0.45
371,Olavarria,AR,2023-01-14 04:16:19,-36.8927,-60.3225,59.02,42,0,1.52
372,Buraydah,SA,2023-01-14 04:16:20,26.326,43.975,54.05,64,96,13.65
373,Palm Coast,US,2023-01-14 04:12:04,29.585,-81.2078,47.07,59,0,13.8
374,Ardahan,TR,2023-01-14 04:16:21,41.1087,42.7022,10.89,86,100,2.73
375,Paamiut,GL,2023-01-14 04:16:23,61.994,-49.6678,16.02,60,100,16.26
376,Eregli,TR,2023-01-14 04:16:24,37.5133,34.0467,31.82,64,27,1.23
377,Lima,PE,2023-01-14 04:11:55,-12.0432,-77.0282,69.91,79,0,10.36
378,Ayagoz,KZ,2023-01-14 04:16:26,47.9714,80.4392,-12.89,96,84,6.38
379,Toksovo,RU,2023-01-14 04:16:27,60.1532,30.5165,33.37,98,100,8.72
380,Seidu,SL,2023-01-14 04:16:28,9.0167,-10.6,65.41,28,33,0.56
381,Corinth,GR,2023-01-14 04:16:29,37.9407,22.9573,42.89,78,1,1.97
382,Castellana Grotte,IT,2023-01-14 04:16:30,40.8864,17.1655,48.83,77,66,6.71
383,Kongolo,CD,2023-01-14 04:16:32,-5.3833,27.0,66.94,98,99,2.33
384,Macaubas,BR,2023-01-14 04:16:32,-13.0194,-42.6986,66.61,93,3,1.77
385,Quatre Cocos,MU,2023-01-14 04:16:33,-20.2078,57.7625,81.09,72,43,12.19
386,Rio Grande,BR,2023-01-14 04:16:34,-32.035,-52.0986,70.47,92,100,12.24
387,Yarim,YE,2023-01-14 04:16:35,14.298,44.3779,48.63,83,7,2.26
388,Sorland,NO,2023-01-14 04:16:36,67.667,12.6934,33.66,58,100,23.09
389,Rawson,AR,2023-01-14 04:16:36,-43.3002,-65.1023,69.64,47,71,16.84
390,Pedasi,PA,2023-01-14 04:16:37,7.5333,-80.0333,78.33,81,100,17.45
391,Marataizes,BR,2023-01-14 04:16:38,-21.0433,-40.8244,74.66,91,100,16.49
392,San Carlos De Bariloche,AR,2023-01-14 04:16:39,-41.1456,-71.3082,53.35,66,0,20.71
393,Safranbolu,TR,2023-01-14 04:16:40,41.2508,32.6942,38.12,80,100,0.38
394,Mount Pleasant,US,2023-01-14 04:15:56,32.7941,-79.8626,45.09,92,100,16.11
395,Rockland,US,2023-01-14 04:16:43,41.1668,-74.0496,37.63,75,100,8.75
396,Krasnoselkup,RU,2023-01-14 04:16:44,65.7,82.4667,-14.8,95,100,14.58
397,Meulaboh,ID,2023-01-14 04:16:45,4.1363,96.1285,83.44,67,53,1.83
398,Los Angeles,US,2023-01-14 04:13:33,34.0522,-118.2437,59.04,78,0,4.61
399,Bedesa,ET,2023-01-14 04:16:46,8.9,40.7833,55.76,52,80,1.97
400,Nampula,MZ,2023-01-14 04:16:47,-15.1165,39.2666,71.55,100,75,3.44
401,Maceio,BR,2023-01-14 04:14:16,-9.6658,-35.7353,76.44,94,20,2.3
402,Udomlya,RU,2023-01-14 04:16:49,57.8794,34.9925,28.31,95,100,10.49
403,Ouro Branco,BR,2023-01-14 04:16:50,-20.5208,-43.6919,65.89,95,100,2.3
404,Nokaneng,BW,2023-01-14 04:16:51,-19.6667,22.2667,69.35,61,52,5.37
405,Corrente,BR,2023-01-14 04:16:51,-3.7367,-43.3394,70.77,96,44,0.63
406,Saint-Augustin,CA,2023-01-14 04:16:51,51.226,-58.6502,22.68,94,100,17.69
407,Bosaso,SO,2023-01-14 04:16:52,11.2842,49.1816,75.45,72,80,4.88
408,Alanya,TR,2023-01-14 04:16:52,36.5438,31.9998,46.53,46,87,4.63
409,Qasigiannguit,GL,2023-01-14 04:16:53,68.8193,-51.1922,8.85,73,98,7.49
410,Girne,CY,2023-01-14 04:16:53,35.3417,33.3167,53.15,81,100,28.95
411,Gilgit,PK,2023-01-14 04:17:54,35.9221,74.3087,21.36,77,24,3.27
412,Geraldton,AU,2023-01-14 04:17:55,-28.7667,114.6,93.61,24,0,21.85
413,Safaga,EG,2023-01-14 04:17:56,26.7292,33.9365,58.48,48,0,2.89
414,Hobyo,SO,2023-01-14 04:17:57,5.3505,48.5268,76.6,78,19,18.81
415,Paralia,GR,2023-01-14 04:17:57,38.2,21.7,45.95,78,6,1.9
416,Mana,GF,2023-01-14 04:17:58,5.6592,-53.7767,75.25,91,62,7.81
417,Hearst,CA,2023-01-14 04:17:59,49.6835,-83.6665,-7.35,100,84,4.43
418,Bol,TD,2023-01-14 04:17:59,13.4586,14.7147,65.14,35,14,19.44
419,Bayshore Gardens,US,2023-01-14 04:18:00,27.4253,-82.5904,55.98,64,20,13.8
420,Plettenberg Bay,ZA,2023-01-14 04:18:00,-34.0527,23.3716,64.62,83,48,1.83
421,Novoagansk,RU,2023-01-14 04:18:01,61.9449,76.6625,7.43,95,100,9.24
422,Urla,TR,2023-01-14 04:18:02,38.3229,26.764,39.6,86,44,7.49
423,Awjilah,LY,2023-01-14 04:18:03,29.1081,21.2869,51.91,76,0,7.74
424,Artyom,AZ,2023-01-14 04:18:04,40.4723,50.333,37.54,66,100,22.17
425,Sile,TR,2023-01-14 04:18:05,41.1754,29.6133,51.57,69,100,4.0
426,Guane,CU,2023-01-14 04:18:06,22.2025,-84.0875,67.75,62,25,8.86
427,Bam,IR,2023-01-14 04:15:58,29.106,58.357,34.45,28,0,1.97
428,Jumla,NP,2023-01-14 04:18:08,29.2747,82.1838,45.45,22,0,2.06
429,Marzuq,YE,2023-01-14 04:18:09,14.4,46.4667,57.87,59,18,5.88
430,Dharchula,IN,2023-01-14 04:18:10,29.85,80.5333,56.64,38,17,2.35
431,Terebovlya,UA,2023-01-14 04:18:11,49.3019,25.71,35.26,85,100,3.44
432,Catia La Mar,VE,2023-01-14 04:18:12,10.6038,-67.0303,79.0,79,20,2.3
433,Balykshi,KZ,2023-01-14 04:18:13,47.0667,51.8667,12.2,52,0,22.37
434,Rujiena,LV,2023-01-14 04:18:15,57.8975,25.3316,38.05,97,100,9.26
435,Nicoya,CR,2023-01-14 04:18:16,10.1483,-85.452,74.66,74,80,11.18
436,Brumunddal,NO,2023-01-14 04:18:17,60.881,10.9395,27.1,94,100,3.31
437,Yanam,IN,2023-01-14 04:18:19,16.7333,82.2167,78.26,58,40,2.53
438,Clyde River,CA,2023-01-14 04:18:20,70.4692,-68.5914,-12.77,70,100,0.0
439,Malatya,TR,2023-01-14 04:18:21,38.5,38.0,33.85,87,100,4.61
440,Santa Cruz De La Palma,ES,2023-01-14 04:18:22,28.6835,-17.7642,66.34,72,100,10.36
441,Pitea,SE,2023-01-14 04:18:23,65.3172,21.4794,19.49,96,100,4.61
442,Portobelo,PA,2023-01-14 04:18:26,9.55,-79.65,77.95,85,97,13.31
443,Nabisar,PK,2023-01-14 04:18:28,25.0685,69.6419,57.7,22,1,8.57
444,Coquimbo,CL,2023-01-14 04:14:49,-29.9533,-71.3436,60.53,88,0,5.75
445,Duzce,TR,2023-01-14 04:18:30,40.8389,31.1639,46.35,86,100,0.56
446,Corn Island,NI,2023-01-14 04:18:31,12.1694,-83.0418,80.15,75,99,19.62
447,Santa Rita,BR,2023-01-14 04:18:32,-7.1139,-34.9781,79.47,83,40,6.91
448,Mbandaka,CD,2023-01-14 04:18:33,0.0487,18.2603,70.43,68,75,3.27
449,Veraval,IN,2023-01-14 04:18:33,20.9,70.3667,65.95,35,23,11.68
450,Portree,GB,2023-01-14 04:18:34,57.4129,-6.1942,41.52,93,100,9.24
451,Pemba,MZ,2023-01-14 04:18:36,-12.974,40.5178,77.7,94,75,4.61
452,Olyka,UA,2023-01-14 04:18:37,50.7186,25.8125,34.93,85,100,10.54
453,Agadez,NE,2023-01-14 04:18:38,19.75,10.25,55.11,31,51,8.16
454,Qaqortoq,GL,2023-01-14 04:18:39,60.7167,-46.0333,10.02,73,100,11.52
455,Mitu,CO,2023-01-14 04:18:40,1.1983,-70.1733,71.51,99,95,1.39
456,Gorom-Gorom,BF,2023-01-14 04:18:41,14.4439,-0.2361,61.61,17,9,9.78
457,Karema,TZ,2023-01-14 04:18:42,-6.8205,30.4389,67.64,87,72,4.45
458,Alta Floresta,BR,2023-01-14 04:19:42,-9.8756,-56.0861,70.34,99,100,2.91
459,Antalaha,MG,2023-01-14 04:19:43,-14.9003,50.2788,76.21,87,98,5.14
460,San Ramon,US,2023-01-14 04:19:44,37.7799,-121.978,55.81,91,20,5.75
461,Thinadhoo,MV,2023-01-14 04:19:45,0.5333,72.9333,80.24,63,99,11.43
462,San Pedro,PH,2023-01-14 04:19:46,14.35,121.0167,84.34,71,75,8.05
463,Farafangana,MG,2023-01-14 04:19:47,-22.8167,47.8333,76.95,84,86,3.2
464,Elizabeth City,US,2023-01-14 04:17:51,36.2946,-76.2511,46.42,74,98,13.18
465,Antofagasta,CL,2023-01-14 04:19:49,-23.65,-70.4,65.48,82,9,5.19
466,Kachiry,KZ,2023-01-14 04:19:49,53.0675,76.1036,10.22,91,100,15.01
467,Mayor Pablo Lagerenza,PY,2023-01-14 04:19:50,-19.9309,-60.7718,67.98,92,100,8.32
468,Chilca,PE,2023-01-14 04:19:51,-12.5211,-76.7372,67.69,84,100,2.21
469,Kolvereid,NO,2023-01-14 04:19:51,64.8655,11.6047,34.83,86,100,11.34
470,Naantali,FI,2023-01-14 04:19:52,60.4674,22.0243,40.1,100,100,11.5
471,Turukhansk,RU,2023-01-14 04:19:53,65.8167,87.9833,-33.7,90,60,11.05
472,Kaduna,NG,2023-01-14 04:19:54,10.5222,7.4383,61.09,19,76,9.71
473,Wageningen,NL,2023-01-14 04:19:55,51.9667,5.6667,42.94,92,100,10.36
474,Poykovskiy,RU,2023-01-14 04:19:56,61.2333,73.3333,14.29,85,100,6.71
475,Margate,GB,2023-01-14 04:19:57,51.3813,1.3862,48.9,88,100,5.99
476,Korla,CN,2023-01-14 04:16:30,41.7597,86.1469,11.46,89,100,3.33
477,Guarapari,BR,2023-01-14 04:19:58,-20.6667,-40.4975,77.9,91,93,13.69
478,Sabang,ID,2023-01-14 04:19:58,5.8933,95.3214,81.64,74,85,8.1
479,Ayorou,NE,2023-01-14 04:19:59,14.7308,0.9174,60.71,19,22,9.62
480,Maroantsetra,MG,2023-01-14 04:19:59,-15.4333,49.7333,76.39,86,92,2.33
481,Dhidhdhoo,MV,2023-01-14 04:20:00,6.8833,73.1,79.21,70,44,9.53
482,Chesham,GB,2023-01-14 04:20:01,51.7,-0.6,48.42,92,100,19.1
483,Loiza,PR,2023-01-14 04:20:03,18.4313,-65.8802,76.06,83,0,3.44
484,Kautokeino,NO,2023-01-14 04:20:04,69.0125,23.0412,14.36,100,100,6.31
485,Zelenoborskiy,RU,2023-01-14 04:19:15,66.845,32.3622,29.59,99,99,4.97
486,Lovozero,RU,2023-01-14 04:20:07,68.005,35.0117,21.83,95,97,5.26
487,Baturinskaya,RU,2023-01-14 04:20:09,45.7927,39.3707,29.05,91,6,7.58
488,Marsh Harbour,BS,2023-01-14 04:20:10,26.5412,-77.0636,70.59,61,34,27.65
489,Melilla,ES,2023-01-14 04:20:11,35.2937,-2.9383,52.18,100,20,2.3
490,Mecca,SA,2023-01-14 04:20:12,21.4267,39.8261,67.14,69,78,5.75
491,Pechora,RU,2023-01-14 04:20:12,65.1472,57.2244,17.15,96,96,6.55
492,Pascagoula,US,2023-01-14 04:20:14,30.3658,-88.5561,41.05,76,4,12.82
493,Zwedru,LR,2023-01-14 04:20:15,6.0667,-8.1281,70.18,99,99,2.66
494,Dingle,PH,2023-01-14 04:20:16,10.9995,122.6711,80.44,84,87,8.39
495,Norden,DE,2023-01-14 04:20:18,53.6,7.2,44.94,97,58,3.0
496,Suoyarvi,RU,2023-01-14 04:20:19,62.0833,32.35,32.74,98,100,10.16
497,Penzance,GB,2023-01-14 04:20:20,50.1186,-5.5371,52.48,93,100,39.75
498,Belmonte,BR,2023-01-14 04:20:21,-15.8631,-38.8828,75.92,86,0,4.88
499,Keetmanshoop,NA,2023-01-14 04:20:21,-26.5833,18.1333,75.72,24,2,2.24
500,Ambilobe,MG,2023-01-14 04:20:23,-13.2,49.05,75.16,89,100,2.44
501,Mao,ES,2023-01-14 04:20:24,39.8885,4.2658,52.36,76,0,5.75
502,Kalat,PK,2023-01-14 04:20:28,29.0225,66.5916,31.28,11,0,3.8
503,Dagda,LV,2023-01-14 04:20:29,56.0951,27.5372,34.7,98,100,9.84
504,Gardez,AF,2023-01-14 04:20:30,33.5974,69.2259,8.06,49,0,3.29
505,Taut,RO,2023-01-14 04:20:31,46.2833,21.9167,37.67,92,100,1.28
506,Mandera,KE,2023-01-14 04:21:32,3.9366,41.867,73.45,46,7,5.44
507,Lenger,KZ,2023-01-14 04:21:33,42.183,69.8839,-8.16,69,4,4.83
508,Tromso,NO,2023-01-14 04:21:34,69.6496,18.957,33.82,80,75,20.71
509,Cantaura,VE,2023-01-14 04:21:35,9.3057,-64.3584,72.91,75,62,9.71
510,Ivankiv,UA,2023-01-14 04:21:35,50.9386,29.8943,27.25,94,93,6.71
511,Daska,PK,2023-01-14 04:21:36,32.3243,74.3497,40.98,54,1,6.22
512,Muros,ES,2023-01-14 04:21:37,42.7762,-9.0603,58.08,93,99,14.07
513,Nadym,RU,2023-01-14 04:18:08,65.5333,72.5167,-8.05,100,100,3.71
514,Gambela,ET,2023-01-14 04:21:39,8.25,34.5833,75.49,58,33,2.53
515,Paita,PE,2023-01-14 04:21:39,-5.0892,-81.1144,70.05,74,100,11.18
516,Zaterechnyy,RU,2023-01-14 04:21:40,44.7931,45.2097,36.39,67,100,25.03
517,Leshukonskoye,RU,2023-01-14 04:21:40,64.8989,45.7622,29.71,94,100,8.88
518,Eyl,SO,2023-01-14 04:21:41,7.9803,49.8164,74.57,76,95,16.02
519,Santa Isabel Do Rio Negro,BR,2023-01-14 04:21:41,-0.4139,-65.0192,72.18,98,100,1.66
520,Krasnoshchekovo,RU,2023-01-14 04:21:42,51.6708,82.7289,9.86,67,98,22.79
521,Alpinopolis,BR,2023-01-14 04:21:43,-20.8636,-46.3881,67.19,96,100,1.68
522,Vestmannaeyjar,IS,2023-01-14 04:21:43,63.4427,-20.2734,29.77,64,97,12.48
523,Lasa,IT,2023-01-14 04:21:45,46.6166,10.7002,26.89,88,34,4.32
524,Kaffrine,SN,2023-01-14 04:21:46,14.1059,-15.5508,72.48,15,83,9.04
525,Amapa,BR,2023-01-14 04:21:47,1.0,-52.0,70.81,100,100,1.36
526,Oneonta,US,2023-01-14 04:21:48,42.4529,-75.0638,28.29,93,100,11.52
527,Tucurui,BR,2023-01-14 04:19:47,-3.7661,-49.6725,72.86,97,100,2.48
528,Lulea,SE,2023-01-14 04:21:49,65.5842,22.1547,19.47,100,100,4.61
529,Usinsk,RU,2023-01-14 04:21:50,65.9939,57.5281,15.78,97,97,10.71
530,Kolokani,ML,2023-01-14 04:21:51,13.5728,-8.0339,64.47,18,50,8.46
531,Pitlochry,GB,2023-01-14 04:21:52,56.7051,-3.7343,38.91,99,100,4.72
532,Bonavista,CA,2023-01-14 04:21:53,48.6499,-53.1147,34.66,93,100,32.32
533,Rafaela,AR,2023-01-14 04:20:15,-31.2503,-61.4867,71.01,36,3,5.93
534,Anamur,TR,2023-01-14 04:21:55,36.0751,32.8369,51.15,63,99,19.19
535,Cherdyn,RU,2023-01-14 04:21:56,60.403,56.4787,18.84,94,100,9.6
536,Bingol,TR,2023-01-14 04:21:57,38.8847,40.4939,30.11,74,100,3.31
537,Nouakchott,MR,2023-01-14 04:21:57,18.0858,-15.9785,62.53,31,68,10.96
538,Kedgwick,CA,2023-01-14 04:21:58,47.6446,-67.3434,26.1,95,100,8.05
539,Calama,CL,2023-01-14 04:21:59,-22.4667,-68.9333,52.29,37,0,6.91
540,Fort Wellington,GY,2023-01-14 04:21:59,6.4,-57.6,75.34,89,50,8.57
541,Minab,IR,2023-01-14 04:20:12,27.1467,57.0801,50.7,27,0,12.97
542,Warrington,GB,2023-01-14 04:17:49,53.3925,-2.5802,47.62,91,100,13.8
543,Ivesti,RO,2023-01-14 04:22:02,45.6833,27.5167,38.1,94,97,8.37
544,Lethem,GY,2023-01-14 04:22:03,3.3803,-59.7968,75.78,80,100,9.8
545,Bloemfontein,ZA,2023-01-14 04:22:03,-29.1211,26.214,58.48,82,0,1.14
546,Severomorsk,RU,2023-01-14 04:22:04,69.0689,33.4162,28.8,83,100,10.45
547,Sinnamary,GF,2023-01-14 04:22:06,5.3833,-52.95,75.61,91,18,7.76
548,Millinocket,US,2023-01-14 04:22:07,45.6573,-68.7098,30.31,86,100,4.61
549,Karnobat,BG,2023-01-14 04:22:07,42.65,26.9833,37.24,91,100,0.89
550,Centenario Do Sul,BR,2023-01-14 04:22:08,-22.8211,-51.5953,69.17,96,100,3.87
551,Dunmore Town,BS,2023-01-14 04:22:09,25.5,-76.65,73.63,76,4,25.84
552,Entre Rios,BR,2023-01-14 04:23:10,-11.9419,-38.0844,70.56,98,29,1.41
553,Bud,US,2023-01-14 04:23:11,39.447,-86.1758,32.02,77,56,9.26
554,Torit,SS,2023-01-14 04:23:11,4.4133,32.5678,70.72,59,0,1.95
555,Mastic Beach,US,2023-01-14 04:23:12,40.7668,-72.8521,39.4,77,100,18.41
556,Ginir,ET,2023-01-14 04:23:13,7.1333,40.7,52.57,51,16,3.22
557,Buta,CD,2023-01-14 04:23:14,2.7858,24.73,71.46,48,92,0.92
558,Tucuman,AR,2023-01-14 04:20:16,-26.8241,-65.2226,66.2,72,0,8.05
559,Chamalieres,FR,2023-01-14 04:23:15,45.7756,3.0631,41.72,81,0,2.3
560,Werda,BW,2023-01-14 04:22:11,-25.2667,23.2833,70.21,33,1,7.38
561,Severnyy,RU,2023-01-14 04:23:17,50.677,36.5532,24.84,100,100,8.95
562,Moroto,UG,2023-01-14 04:23:19,2.5345,34.6666,63.95,57,1,5.19
563,Tignere,CM,2023-01-14 04:23:19,7.3667,12.65,60.64,31,9,1.92
564,Bristol,US,2023-01-14 04:21:22,41.8334,-71.1662,44.78,80,100,8.01
565,Grand Gaube,MU,2023-01-14 04:23:21,-20.0064,57.6608,81.37,68,33,8.99
566,Hornepayne,CA,2023-01-14 04:23:22,49.2138,-84.7705,-15.39,100,77,4.14
567,Yining,CN,2023-01-14 04:23:23,29.0361,114.5636,47.41,83,100,6.38
568,Itaituba,BR,2023-01-14 04:23:24,-4.2761,-55.9836,72.16,99,100,1.52
569,Phalodi,IN,2023-01-14 04:22:46,27.1333,72.3667,53.22,23,0,9.82
570,Jawar,IN,2023-01-14 04:23:25,23.0,76.5,60.96,43,0,5.35
571,Mogadouro,PT,2023-01-14 04:23:26,41.3403,-6.7119,38.25,94,64,2.66
572,Beitbridge,ZW,2023-01-14 04:23:28,-22.2167,30.0,72.27,77,2,12.46
573,Bushehr,IR,2023-01-14 04:23:29,28.9684,50.8385,59.09,82,100,6.91
574,Nola,IT,2023-01-14 04:23:30,40.922,14.5329,55.92,89,62,2.66
575,Tarnogskiy Gorodok,RU,2023-01-14 04:23:30,60.4997,43.5761,22.23,92,100,11.39
576,Ciudad Ojeda,VE,2023-01-14 04:23:31,10.1964,-71.3082,75.92,86,32,6.64
577,Oistins,BB,2023-01-14 04:23:32,13.0667,-59.5333,77.09,88,40,13.8
578,Shelburne,CA,2023-01-14 04:23:33,44.0787,-80.2041,16.59,93,97,13.85
579,Aljezur,PT,2023-01-14 04:23:34,37.3191,-8.8033,50.76,81,98,4.68
580,Juba,SS,2023-01-14 04:23:35,4.8517,31.5825,69.84,48,3,0.89
581,Sarila,IN,2023-01-14 04:23:36,25.7667,79.6833,63.61,62,0,6.53
582,Tshikapa,CD,2023-01-14 04:23:37,-6.4167,20.8,66.4,97,100,1.43
583,Saint-Jean-Port-Joli,CA,2023-01-14 04:23:38,47.2171,-70.2658,30.0,88,100,13.29
584,Afua,BR,2023-01-14 04:23:39,-0.1567,-50.3867,74.23,96,100,4.09
585,Gazli,UZ,2023-01-14 04:23:39,40.1333,63.45,9.27,68,0,14.09
586,Beysehir,TR,2023-01-14 04:23:40,37.6773,31.7246,34.77,71,66,4.18
587,Cap Malheureux,MU,2023-01-14 04:23:41,-19.9842,57.6142,81.46,68,32,8.99
588,Puerto Baquerizo Moreno,EC,2023-01-14 04:23:00,-0.9,-89.6,73.53,82,76,6.8
589,Borovikha,RU,2023-01-14 04:23:43,53.5072,83.8379,8.04,92,100,16.89
590,Gornoye Loo,RU,2023-01-14 04:23:44,43.7129,39.6049,33.58,56,0,5.59
591,Salta,AR,2023-01-14 04:20:38,-24.7859,-65.4117,57.79,82,0,5.75
592,Marechal Candido Rondon,BR,2023-01-14 04:23:45,-24.5561,-54.0567,65.5,92,100,3.4
593,Mahibadhoo,MV,2023-01-14 04:23:46,3.7833,72.9667,79.05,63,47,8.05
594,Virginia Beach,US,2023-01-14 04:20:05,36.8529,-75.978,44.65,69,100,21.85
595,Chiredzi,ZW,2023-01-14 04:23:48,-21.05,31.6667,69.17,84,10,4.16
596,Staryy Nadym,RU,2023-01-14 04:23:49,65.6118,72.6842,-7.78,100,100,1.19
597,Jabinyanah,TN,2023-01-14 04:23:49,35.035,10.9081,49.8,70,87,10.67
598,Iralaya,HN,2023-01-14 04:23:50,15.0,-83.2333,75.85,79,63,12.26
599,Goundam,ML,2023-01-14 04:24:51,16.4145,-3.6708,63.12,15,26,8.68
600,Jacqueville,CI,2023-01-14 04:24:52,5.2052,-4.4146,79.14,85,39,4.81
601,Valparaiso,CL,2023-01-14 04:23:17,-33.0393,-71.6273,63.48,100,0,11.5
602,Benghazi,LY,2023-01-14 04:24:53,32.1167,20.0667,60.3,61,98,11.12
603,Brignais,FR,2023-01-14 04:24:54,45.6736,4.7548,43.9,87,100,0.0
604,Tocopilla,CL,2023-01-14 04:24:55,-22.092,-70.1979,68.74,72,13,4.43
605,Manoel Urbano,BR,2023-01-14 04:24:56,-8.8389,-69.2597,70.92,96,100,2.57
606,Jamai,IN,2023-01-14 04:24:57,22.2,78.5833,64.62,41,0,3.91
607,Montes Altos,BR,2023-01-14 04:24:58,-5.8333,-47.0667,71.15,94,84,1.61
608,Naryan-Mar,RU,2023-01-14 04:24:59,67.6713,53.087,17.15,95,100,12.59
609,Jeremoabo,BR,2023-01-14 04:22:10,-10.075,-38.4808,70.99,96,37,7.16
610,Swellendam,ZA,2023-01-14 04:24:59,-34.0226,20.4417,64.92,81,89,4.03
611,Umm Kaddadah,SD,2023-01-14 04:25:00,13.6017,26.6876,55.17,25,2,12.93
612,Novo Aripuana,BR,2023-01-14 04:25:01,-5.1206,-60.3797,71.83,99,100,1.36
613,Xuddur,SO,2023-01-14 04:25:02,4.1213,43.8894,68.16,74,5,14.07
614,Colesberg,ZA,2023-01-14 04:25:03,-30.72,25.0972,75.04,28,20,2.57
615,Bridlington,GB,2023-01-14 04:25:04,54.0831,-0.1919,44.89,91,100,27.18
616,Tourlaville,FR,2023-01-14 04:25:04,49.6383,-1.5664,49.42,93,100,23.02
617,Doha,QA,2023-01-14 04:20:26,25.2867,51.5333,67.98,68,40,8.05
618,Smithfield,US,2023-01-14 04:25:06,41.922,-71.5495,43.07,83,100,9.22
619,Timra,SE,2023-01-14 04:25:08,62.487,17.3257,28.08,93,100,8.05
620,Gwadar,PK,2023-01-14 04:25:09,25.1216,62.3254,50.94,29,1,13.65
621,Vryburg,ZA,2023-01-14 04:25:13,-26.9566,24.7284,66.88,32,0,7.47
622,Urucui,BR,2023-01-14 04:25:13,-7.2294,-44.5561,74.95,82,88,2.73
623,Olenino,RU,2023-01-14 04:25:15,56.2092,33.4889,25.9,92,100,10.87
624,Pori,FI,2023-01-14 04:25:16,61.4833,21.7833,37.47,100,100,6.91
625,Sarankhola,BD,2023-01-14 04:25:18,22.3082,89.7897,78.04,53,0,2.3
626,Koratla,IN,2023-01-14 04:25:19,18.8167,78.7167,74.55,38,44,3.27
627,Saquena,PE,2023-01-14 04:25:20,-4.6667,-73.5167,71.31,93,44,2.01
628,Coruripe,BR,2023-01-14 04:25:21,-10.1256,-36.1756,76.8,85,11,8.39
629,Belyy Yar,RU,2023-01-14 04:25:23,53.6039,91.3903,10.29,69,0,15.66
630,Bonthe,SL,2023-01-14 04:25:24,7.5264,-12.505,74.57,85,85,5.59
631,Fort-Shevchenko,KZ,2023-01-14 04:25:25,44.5086,50.263,24.48,48,0,32.68
632,San Andres,CO,2023-01-14 04:25:26,12.5847,-81.7006,80.62,74,20,11.5
633,Guapo,BR,2023-01-14 04:25:27,-16.8306,-49.5319,70.18,95,100,3.38
634,Wattegama,LK,2023-01-14 04:25:28,6.7989,81.4808,80.44,63,39,8.16
635,Sangamner,IN,2023-01-14 04:25:28,19.5667,74.2167,64.06,50,4,4.7
636,Xai-Xai,MZ,2023-01-14 04:25:29,-25.0519,33.6442,75.69,90,7,2.57
637,Ogaminana,NG,2023-01-14 04:25:29,7.5946,6.2248,71.87,28,98,0.85
638,Lekoni,GA,2023-01-14 04:25:30,-1.5843,14.2591,72.77,65,58,1.72
639,Viedma,AR,2023-01-14 04:25:31,-40.8135,-62.9967,62.51,67,1,10.0
640,Pokhara,NP,2023-01-14 04:25:32,28.2333,83.9833,63.82,28,0,3.74
641,Fomento,CU,2023-01-14 04:25:34,22.1039,-79.7217,69.55,74,0,4.43
642,Senanga,ZM,2023-01-14 04:25:35,-16.1167,23.2667,62.56,98,100,4.23
643,Ljungby,SE,2023-01-14 04:25:35,56.8332,13.9408,41.41,83,100,17.83
644,Yashkul,RU,2023-01-14 04:25:36,46.1711,45.3435,29.48,73,41,21.61
645,Youghal,IE,2023-01-14 04:26:37,51.95,-7.8506,47.41,100,100,16.53
646,Onguday,RU,2023-01-14 04:26:38,50.75,86.15,3.52,86,100,2.75
647,Halifax,CA,2023-01-14 04:26:39,44.6453,-63.5724,51.69,95,100,18.41
648,Benguela,AO,2023-01-14 04:26:40,-12.5763,13.4055,77.27,78,100,1.99
649,Puerto Narino,CO,2023-01-14 04:26:41,-3.7703,-70.3831,70.45,95,84,2.3
650,Kotido,UG,2023-01-14 04:26:42,2.9806,34.1331,67.33,49,0,6.71
651,Ahtopol,BG,2023-01-14 04:26:43,42.1,27.95,44.82,91,100,9.31
652,Loandjili,CG,2023-01-14 04:26:43,-4.7561,11.8578,75.25,87,75,2.8
653,Surazh,RU,2023-01-14 04:26:45,53.0175,32.3918,26.82,91,100,11.5
654,Ormara,PK,2023-01-14 04:26:46,25.2088,64.6357,52.29,30,0,12.64
655,Espirito Santo Do Pinhal,BR,2023-01-14 04:26:46,-22.1158,-46.6828,66.51,94,96,3.94
656,Bereda,ES,2023-01-14 04:26:47,43.2686,-7.5406,55.42,100,100,8.61
657,Asmar,AF,2023-01-14 04:26:48,35.0333,71.3581,35.22,38,0,11.68
658,Sambava,MG,2023-01-14 04:26:49,-14.2667,50.1667,76.64,86,97,6.85
659,Abakaliki,NG,2023-01-14 04:26:49,6.3163,8.1169,71.15,38,22,3.58
660,Saint-Pierre,RE,2023-01-14 04:26:50,-21.3393,55.4781,83.88,61,0,10.36
661,Erseke,AL,2023-01-14 04:26:51,40.3378,20.6789,34.97,79,92,0.2
662,Girona,ES,2023-01-14 04:26:52,41.9831,2.8249,39.67,93,0,0.0
663,Namikupa,TZ,2023-01-14 04:26:52,-10.8333,39.6,71.64,94,94,2.42
664,Linhares,BR,2023-01-14 04:26:54,-19.3911,-40.0722,72.18,96,57,2.66
665,Dese,ET,2023-01-14 04:26:54,11.1333,39.6333,46.17,67,24,1.97
666,Zapolyarnyy,RU,2023-01-14 04:26:55,69.4154,30.8136,22.28,86,94,13.51
667,Conakry,GN,2023-01-14 04:26:56,9.538,-13.6773,75.27,88,43,4.61
668,Dondo,MZ,2023-01-14 04:26:57,-19.6094,34.7431,76.51,90,13,2.86
669,Rusape,ZW,2023-01-14 04:26:57,-18.5278,32.1284,59.72,90,18,1.48
670,Kambove,CD,2023-01-14 04:26:58,-10.8764,26.5969,59.2,98,100,1.45
671,Eyrarbakki,IS,2023-01-14 04:26:59,63.863,-21.1481,19.45,74,100,14.32
672,Melfi,IT,2023-01-14 04:26:59,40.9965,15.6514,43.48,89,37,2.17
673,Chivay,PE,2023-01-14 04:27:00,-15.6383,-71.6011,47.28,38,0,5.61
674,Winburg,ZA,2023-01-14 04:27:00,-28.518,27.0093,64.78,25,18,7.83
675,Kalangala,UG,2023-01-14 04:27:01,-0.3089,32.225,65.55,74,31,3.04
676,Honningsvag,NO,2023-01-14 04:27:01,70.9821,25.9704,33.55,75,19,17.27
677,Nizwa,OM,2023-01-14 04:27:02,22.9333,57.5333,62.28,47,0,0.13
678,Sakakah,SA,2023-01-14 04:27:03,29.9697,40.2064,44.17,82,0,7.65
679,Gemena,CD,2023-01-14 04:27:04,3.25,19.7667,66.88,38,59,0.6
680,Gornopravdinsk,RU,2023-01-14 04:27:06,60.05,69.9,16.3,93,100,10.18
681,Tallinn,EE,2023-01-14 04:27:07,59.437,24.7535,40.35,91,75,8.05
682,Taltal,CL,2023-01-14 04:27:08,-25.4,-70.4833,67.23,76,0,3.44
683,Villazon,BO,2023-01-14 04:27:09,-22.0866,-65.5942,45.32,56,9,0.31
684,Jawa,JO,2023-01-14 04:27:10,31.8525,35.9393,43.11,61,5,4.61
685,Asind,IN,2023-01-14 04:27:11,25.7333,74.3333,56.71,37,0,5.5
686,Voyvozh,RU,2023-01-14 04:27:12,62.892,54.9635,19.54,92,100,9.1
687,Port Maria,JM,2023-01-14 04:27:12,18.3685,-76.8895,78.76,96,35,6.85
688,Grand-Lahou,CI,2023-01-14 04:27:13,5.1367,-5.0242,78.1,87,39,3.15
689,Betma,IN,2023-01-14 04:27:13,22.6833,75.6167,59.22,63,3,11.5
690,Port Said,EG,2023-01-14 04:27:14,31.2565,32.2841,53.58,82,40,11.5
691,Tabuk,PH,2023-01-14 04:28:15,17.4189,121.4443,81.82,65,43,5.28
692,Brufut,GM,2023-01-14 04:28:16,13.3814,-16.7518,66.29,63,0,3.44
693,Olinda,BR,2023-01-14 04:28:17,-8.0089,-34.8553,80.33,74,75,6.91
694,Vila Real De Santo Antonio,PT,2023-01-14 04:28:18,37.195,-7.4177,44.26,75,100,7.0
695,Kaina,NG,2023-01-14 04:28:19,12.6374,8.5873,56.71,19,22,8.52
696,Puerto Suarez,BO,2023-01-14 04:28:19,-18.95,-57.8,71.51,99,94,1.61
697,Naples,IT,2023-01-14 04:28:20,40.8333,14.25,56.14,78,40,3.44
698,Puerto Escondido,MX,2023-01-14 04:27:03,15.85,-97.0667,76.03,73,20,5.75
699,Esmeraldas,BR,2023-01-14 04:28:23,-19.7625,-44.3139,71.91,93,100,2.3
700,Waw,SS,2023-01-14 04:28:24,7.7029,27.9953,69.44,31,4,5.82
701,Kirundo,BI,2023-01-14 04:28:25,-2.5833,30.1667,56.26,96,86,1.43
702,Rincon,US,2023-01-14 04:28:26,32.296,-81.2354,44.85,53,75,12.66
703,Andenes,NO,2023-01-14 04:28:26,69.3143,16.1194,31.98,69,20,26.46
704,Kayes,ML,2023-01-14 04:28:27,14.0,-11.0,71.74,14,35,4.59
705,Nekhayevskiy,RU,2023-01-14 04:28:28,50.4106,41.7561,13.8,94,96,9.8
706,Bouafle,CI,2023-01-14 04:28:29,6.9904,-5.7442,66.22,78,32,3.38
707,Baghdad,IQ,2023-01-14 04:28:30,33.3406,44.4009,49.91,100,75,8.05
708,Deer Lake,CA,2023-01-14 04:28:31,49.1667,-57.4316,31.86,100,100,8.05
709,Totton,GB,2023-01-14 04:28:31,50.9188,-1.4904,51.19,94,100,13.0
710,Letterkenny,IE,2023-01-14 04:28:32,54.95,-7.7333,43.2,82,100,12.33
711,Verkhniy Mamon,RU,2023-01-14 04:28:33,50.1635,40.3832,20.32,91,99,12.39
712,Ust-Tsilma,RU,2023-01-14 04:28:34,65.441,52.1498,17.13,95,86,5.91
713,Narkevychi,UA,2023-01-14 04:28:36,49.5172,26.6418,33.39,93,88,6.06
714,Santander,ES,2023-01-14 04:28:37,43.4647,-3.8044,58.32,55,0,12.66
715,Djambala,CG,2023-01-14 04:24:51,-2.5447,14.7533,66.42,82,93,1.1
716,Zamania,IN,2023-01-14 04:28:38,25.4333,83.5667,68.67,49,4,4.97
717,Kidal,ML,2023-01-14 04:28:39,18.4411,1.4078,61.05,22,93,9.55
718,Maine-Soroa,NE,2023-01-14 04:28:40,13.2114,12.0241,59.14,23,85,9.73
719,Arona,ES,2023-01-14 04:28:41,28.0996,-16.681,58.82,63,0,19.57
