City_ID,City,Country,Date,Lat,Lng,Max Temp,Humidity,Cloudiness,Wind Speed,Weather Description
0,Mbandaka,CD,2023-01-18 04:12:53,0.0487,18.2603,69.49,88,64,3.4,broken clouds
1,Upernavik,GL,2023-01-18 04:09:44,72.7868,-56.1549,-12.21,94,100,6.44,overcast clouds
2,Plouzane,FR,2023-01-18 04:11:28,48.3833,-4.6167,37.58,87,75,16.11,light intensity drizzle
3,Atasu,KZ,2023-01-18 04:12:54,48.6814,71.6433,0.32,89,13,7.9,few clouds
4,Jamestown,US,2023-01-18 04:10:19,42.097,-79.2353,39.02,72,100,11.5,mist
5,Ribeira Grande,PT,2023-01-18 04:12:56,38.5167,-28.7,55.78,83,27,8.99,scattered clouds
6,East London,ZA,2023-01-18 04:12:56,-33.0153,27.9116,75.99,89,92,6.15,overcast clouds
7,Lerwick,GB,2023-01-18 04:12:58,60.1545,-1.1494,37.4,66,94,19.86,overcast clouds
8,Ikauna,IN,2023-01-18 04:12:58,27.55,81.9667,55.83,57,1,1.48,clear sky
9,Berlevag,NO,2023-01-18 04:12:59,70.8578,29.0864,30.2,74,18,17.27,few clouds
10,Cape Town,ZA,2023-01-18 04:13:00,-33.9258,18.4232,75.11,74,99,5.99,overcast clouds
11,Bekovo,RU,2023-01-18 04:13:00,52.4663,43.712,18.64,91,100,11.05,overcast clouds
12,Ilulissat,GL,2023-01-18 04:13:01,69.2167,-51.1,-26.09,82,91,6.11,overcast clouds
13,Trstena,SK,2023-01-18 04:13:01,49.361,19.6125,33.58,98,100,2.73,light snow
14,Busselton,AU,2023-01-18 04:13:02,-33.65,115.3333,75.92,34,64,4.56,broken clouds
15,Caravelas,BR,2023-01-18 04:13:02,-17.7125,-39.2481,73.54,91,9,3.11,clear sky
16,Necochea,AR,2023-01-18 04:13:03,-38.5473,-58.7368,70.05,80,100,15.26,overcast clouds
17,Tazovskiy,RU,2023-01-18 04:13:03,67.4667,78.7,-10.5,97,100,16.67,light snow
18,Port Elizabeth,ZA,2023-01-18 04:13:04,-33.918,25.5701,73.31,99,100,3.0,overcast clouds
19,Ushuaia,AR,2023-01-18 04:11:32,-54.8,-68.3,48.72,94,100,6.6,overcast clouds
20,Ponta Do Sol,PT,2023-01-18 04:13:06,32.6667,-17.1,61.72,65,80,8.84,broken clouds
21,Piacabucu,BR,2023-01-18 04:13:07,-10.4056,-36.4344,77.83,81,100,7.43,overcast clouds
22,Krasnovishersk,RU,2023-01-18 04:09:55,60.4078,57.082,11.25,95,100,6.91,overcast clouds
23,Arraial Do Cabo,BR,2023-01-18 04:13:07,-22.9661,-42.0278,73.58,93,0,17.49,clear sky
24,Luderitz,NA,2023-01-18 04:13:08,-26.6481,15.1594,65.03,89,90,3.49,overcast clouds
25,Lydenburg,ZA,2023-01-18 04:13:09,-25.0978,30.4597,60.24,93,99,1.21,overcast clouds
26,Yar-Sale,RU,2023-01-18 04:13:10,66.8333,70.8333,8.24,96,100,6.38,overcast clouds
27,Faya,SA,2023-01-18 04:13:11,18.3851,42.4509,50.52,87,62,4.97,broken clouds
28,Rocha,UY,2023-01-18 04:08:26,-34.4833,-54.3333,63.97,93,0,5.46,clear sky
29,Batticaloa,LK,2023-01-18 04:13:12,7.7102,81.6924,79.07,72,91,13.44,overcast clouds
30,Codrington,AU,2023-01-18 04:13:13,-38.2667,141.9667,61.72,57,100,18.39,overcast clouds
31,Chuy,UY,2023-01-18 04:13:14,-33.6971,-53.4616,67.84,83,0,7.43,clear sky
32,Riyadh,SA,2023-01-18 04:12:21,24.6877,46.7219,48.34,77,81,11.3,broken clouds
33,Richards Bay,ZA,2023-01-18 04:13:16,-28.783,32.0377,75.43,81,96,11.3,overcast clouds
34,Mangrol,IN,2023-01-18 04:13:16,21.1167,70.1167,67.1,31,0,9.15,clear sky
35,Korla,CN,2023-01-18 04:13:17,41.7597,86.1469,9.82,83,6,2.39,clear sky
36,Rochegda,RU,2023-01-18 04:13:18,62.8,43.25,13.93,97,83,6.17,broken clouds
37,Saint George,US,2023-01-18 04:12:52,37.1041,-113.5841,41.43,77,75,4.0,broken clouds
38,Arkadak,RU,2023-01-18 04:13:20,51.9326,43.4978,20.82,93,100,12.41,overcast clouds
39,Tasiilaq,GL,2023-01-18 04:13:21,65.6145,-37.6368,10.56,70,62,9.01,broken clouds
40,Bilma,NE,2023-01-18 04:13:22,18.6853,12.9164,57.97,28,4,6.96,clear sky
41,Kruisfontein,ZA,2023-01-18 04:13:22,-34.0033,24.7314,70.88,71,100,1.81,overcast clouds
42,Nanortalik,GL,2023-01-18 04:13:22,60.1432,-45.2371,25.59,86,100,6.93,overcast clouds
43,Lubango,AO,2023-01-18 04:13:23,-14.9172,13.4925,60.55,85,100,0.2,overcast clouds
44,Hobyo,SO,2023-01-18 04:13:23,5.3505,48.5268,76.26,74,63,13.96,broken clouds
45,Georgetown,MY,2023-01-18 04:09:11,5.4112,100.3354,87.73,55,20,8.05,few clouds
46,Kalabo,ZM,2023-01-18 04:13:24,-14.97,22.6814,64.85,95,100,3.38,overcast clouds
47,Kostomuksha,RU,2023-01-18 04:14:24,64.571,30.5767,22.37,96,100,11.23,light snow
48,Victoria,HK,2023-01-18 04:10:01,22.2855,114.1577,64.26,55,87,11.01,overcast clouds
49,Port Alfred,ZA,2023-01-18 04:14:26,-33.5906,26.891,73.18,95,100,4.07,overcast clouds
50,Cabedelo,BR,2023-01-18 04:14:27,-6.9811,-34.8339,75.87,80,99,10.65,overcast clouds
51,Dikson,RU,2023-01-18 04:14:28,73.5069,80.5464,-11.97,73,100,11.21,overcast clouds
52,Omboue,GA,2023-01-18 04:14:28,-1.5746,9.2618,77.31,83,98,2.53,overcast clouds
53,Teguldet,RU,2023-01-18 04:14:28,57.3064,88.1667,-28.89,99,76,2.86,broken clouds
54,Alta Floresta,BR,2023-01-18 04:14:29,-9.8756,-56.0861,69.78,95,100,1.99,overcast clouds
55,Coquimbo,CL,2023-01-18 04:08:01,-29.9533,-71.3436,62.33,77,0,4.61,clear sky
56,Bathsheba,BB,2023-01-18 04:14:31,13.2167,-59.5167,77.61,73,40,11.5,scattered clouds
57,Harnosand,SE,2023-01-18 04:14:32,62.6323,17.9379,32.0,99,100,16.55,light snow
58,Pitanga,BR,2023-01-18 04:14:33,-24.7572,-51.7614,64.33,99,99,5.39,overcast clouds
59,Owerri,NG,2023-01-18 04:14:14,5.4833,7.0304,73.4,95,100,2.08,overcast clouds
60,Ostrovnoy,RU,2023-01-18 04:14:35,68.0531,39.5131,21.94,92,8,22.82,clear sky
61,Krasnoselkup,RU,2023-01-18 04:14:35,65.7,82.4667,-15.92,84,100,14.32,overcast clouds
62,Iroquois Falls,CA,2023-01-18 04:14:37,48.7669,-80.6831,28.83,98,100,5.21,light snow
63,Natal,BR,2023-01-18 04:14:37,-5.795,-35.2094,74.05,83,20,4.61,few clouds
64,Bandarbeyla,SO,2023-01-18 04:14:38,9.4942,50.8122,74.82,74,37,13.8,scattered clouds
65,Hermanus,ZA,2023-01-18 04:14:39,-34.4187,19.2345,71.8,88,98,3.98,overcast clouds
66,Henderson,US,2023-01-18 04:12:56,36.0397,-114.9819,51.24,46,100,11.5,overcast clouds
67,Villamontes,BO,2023-01-18 04:14:40,-21.25,-63.5,76.23,67,8,2.55,clear sky
68,Lusambo,CD,2023-01-18 04:14:41,-4.9667,23.45,66.79,93,100,2.13,overcast clouds
69,Iqaluit,CA,2023-01-18 04:14:17,63.7506,-68.5145,-7.31,63,100,3.0,overcast clouds
70,Kargasok,RU,2023-01-18 04:06:28,59.0556,80.8572,3.27,96,100,8.37,light snow
71,Maraa,BR,2023-01-18 04:14:43,-1.8333,-65.3667,69.53,99,96,2.62,moderate rain
72,Morondava,MG,2023-01-18 04:11:09,-20.2833,44.2833,78.31,82,39,6.91,scattered clouds
73,Izacic,BA,2023-01-18 04:14:45,44.875,15.7819,42.12,94,99,8.63,overcast clouds
74,Nikki,BJ,2023-01-18 04:14:45,9.9401,3.2108,67.75,24,13,4.94,few clouds
75,Kharp,RU,2023-01-18 04:14:47,66.8014,65.8081,9.18,92,99,6.44,overcast clouds
76,Kogon,UZ,2023-01-18 04:14:47,39.7228,64.5517,10.44,79,39,2.3,mist
77,Jaru,BR,2023-01-18 04:14:48,-10.4389,-62.4664,71.55,96,95,0.72,overcast clouds
78,Aripuana,BR,2023-01-18 04:14:49,-9.1667,-60.6333,70.38,100,100,2.68,overcast clouds
79,Felanitx,ES,2023-01-18 04:14:50,39.4696,3.1483,51.24,58,14,16.11,few clouds
80,Wageningen,NL,2023-01-18 04:14:51,51.9667,5.6667,30.85,92,100,4.61,overcast clouds
81,Urumqi,CN,2023-01-18 04:14:52,43.801,87.6005,-6.65,84,10,4.47,mist
82,Atar,MR,2023-01-18 04:14:53,20.5169,-13.0499,66.63,17,93,7.65,overcast clouds
83,Mehamn,NO,2023-01-18 04:14:14,71.0357,27.8492,30.15,80,0,17.27,clear sky
84,Robertsport,LR,2023-01-18 04:14:54,6.7533,-11.3686,77.86,87,76,6.06,broken clouds
85,Port-Cartier,CA,2023-01-18 04:14:55,50.0334,-66.8654,30.74,93,100,3.94,overcast clouds
86,Puerto Ayora,EC,2023-01-18 04:13:05,-0.7393,-90.3518,75.54,97,46,4.0,scattered clouds
87,Margate,GB,2023-01-18 04:04:27,51.3813,1.3862,28.87,89,8,17.09,clear sky
88,Sao Joao Da Barra,BR,2023-01-18 04:14:57,-21.6403,-41.0511,74.53,92,2,10.76,clear sky
89,Kharan,PK,2023-01-18 04:14:58,28.5833,65.4167,52.83,32,43,1.63,scattered clouds
90,La Asuncion,VE,2023-01-18 04:08:05,11.0333,-63.8628,74.79,86,41,9.55,scattered clouds
91,Bambous Virieux,MU,2023-01-18 04:15:00,-20.3428,57.7575,81.21,78,75,14.97,light rain
92,Iguape,BR,2023-01-18 04:13:57,-24.7081,-47.5553,75.0,91,98,0.36,overcast clouds
93,Dingle,PH,2023-01-18 04:15:01,10.9995,122.6711,81.09,83,100,8.46,overcast clouds
94,Mandera,KE,2023-01-18 04:15:02,3.9366,41.867,73.8,36,69,4.83,broken clouds
95,Arlit,NE,2023-01-18 04:16:04,18.7369,7.3853,55.2,24,17,3.29,few clouds
96,Chacabuco,AR,2023-01-18 04:16:05,-34.6417,-60.4739,81.82,42,40,14.2,scattered clouds
97,Mastic Beach,US,2023-01-18 04:16:05,40.7668,-72.8521,44.55,72,100,8.99,overcast clouds
98,Saint-Pierre,RE,2023-01-18 04:16:06,-21.3393,55.4781,84.56,65,0,28.77,clear sky
99,Aksu,CN,2023-01-18 04:16:07,41.1231,80.2644,6.84,79,3,4.97,clear sky
100,Talnakh,RU,2023-01-18 04:08:19,69.4865,88.3972,-29.76,86,55,8.1,broken clouds
101,Domoni,KM,2023-01-18 04:16:09,-12.2569,44.5319,79.56,83,100,3.83,light rain
102,Clyde River,CA,2023-01-18 04:16:10,70.4692,-68.5914,-18.17,76,0,14.97,clear sky
103,Saint-Philippe,RE,2023-01-18 04:14:13,-21.3585,55.7679,80.19,85,100,14.32,light rain
104,Aykino,RU,2023-01-18 04:16:11,62.2248,49.9922,17.08,95,100,5.53,light snow
105,Caltagirone,IT,2023-01-18 04:16:12,37.2368,14.5126,52.63,95,48,2.64,scattered clouds
106,Hithadhoo,MV,2023-01-18 04:16:12,-0.6,73.0833,80.78,66,3,4.83,clear sky
107,Grand Gaube,MU,2023-01-18 04:16:12,-20.0064,57.6608,81.37,73,100,14.0,light rain
108,Callaway,US,2023-01-18 04:16:14,30.153,-85.5699,66.97,97,75,6.91,broken clouds
109,Vangaindrano,MG,2023-01-18 04:16:15,-23.35,47.6,75.88,84,56,2.46,broken clouds
110,Finnsnes,NO,2023-01-18 04:16:16,69.2296,17.9811,9.21,92,100,7.38,overcast clouds
111,Sayyan,YE,2023-01-18 04:16:17,15.1718,44.3244,51.75,37,37,2.98,scattered clouds
112,Souillac,MU,2023-01-18 04:16:17,-20.5167,57.5167,80.98,78,75,14.97,light rain
113,Basoko,CD,2023-01-18 04:16:18,1.2391,23.616,69.73,88,70,3.89,broken clouds
114,Castro,BR,2023-01-18 04:12:55,-24.7911,-50.0119,64.13,99,100,3.04,overcast clouds
115,Ust-Koksa,RU,2023-01-18 04:16:21,50.2696,85.6108,2.91,95,65,0.2,broken clouds
116,Port Blair,IN,2023-01-18 04:11:50,11.6667,92.75,80.64,61,75,6.91,haze
117,Harper,LR,2023-01-18 04:16:22,4.375,-7.7169,77.94,83,46,4.92,scattered clouds
118,Vlotho,DE,2023-01-18 04:16:23,52.1653,8.86,28.17,93,75,2.3,broken clouds
119,Pimentel,PE,2023-01-18 04:16:24,-6.8367,-79.9342,70.09,83,0,13.8,clear sky
120,Busayra,JO,2023-01-18 04:16:25,30.7376,35.6078,42.49,72,0,3.65,clear sky
121,Iringa,TZ,2023-01-18 04:16:26,-7.7667,35.7,58.48,89,100,1.9,overcast clouds
122,Ouro Preto Do Oeste,BR,2023-01-18 04:13:16,-10.7481,-62.2158,70.92,97,97,0.72,overcast clouds
123,Salalah,OM,2023-01-18 04:16:27,17.0151,54.0924,71.69,73,40,3.44,scattered clouds
124,Kavaratti,IN,2023-01-18 04:16:28,10.5669,72.642,80.26,74,61,10.76,broken clouds
125,Cidreira,BR,2023-01-18 04:16:29,-30.1811,-50.2056,73.67,86,98,12.26,overcast clouds
126,Nikolsk,RU,2023-01-18 04:16:29,53.7189,46.0712,13.89,92,100,10.27,overcast clouds
127,Kombissiri,BF,2023-01-18 04:16:30,12.0656,-1.3375,62.58,21,1,8.59,clear sky
128,Utinga,BR,2023-01-18 04:16:31,-5.8172,-35.3954,74.25,83,20,4.61,few clouds
129,Mwanza,TZ,2023-01-18 04:16:32,-2.5167,32.9,66.45,81,87,7.34,overcast clouds
130,Lieksa,FI,2023-01-18 04:16:33,63.3167,30.0167,25.23,93,100,12.66,light snow
131,Dzaoudzi,YT,2023-01-18 04:16:34,-12.7887,45.2699,82.29,78,20,8.05,few clouds
132,La Palma,US,2023-01-18 04:16:35,33.8464,-118.0467,55.67,68,0,4.61,clear sky
133,Crotone,IT,2023-01-18 04:16:36,39.0851,17.1178,58.19,71,14,17.0,few clouds
134,Okha,RU,2023-01-18 04:16:37,53.5739,142.9478,-19.7,88,79,8.86,broken clouds
135,Morant Bay,JM,2023-01-18 04:16:37,17.8815,-76.4093,76.62,82,53,8.23,broken clouds
136,Shegaon,IN,2023-01-18 04:16:37,20.7833,76.6833,70.74,39,2,4.83,clear sky
137,Bonfim,BR,2023-01-18 04:16:38,3.0833,-59.95,75.6,77,90,5.88,light rain
138,Coihaique,CL,2023-01-18 04:16:39,-45.5752,-72.0662,57.81,71,0,4.61,clear sky
139,Mar Del Plata,AR,2023-01-18 04:16:40,-38.0023,-57.5575,71.94,97,40,5.75,mist
140,Bonavista,CA,2023-01-18 04:09:00,48.6499,-53.1147,37.49,100,100,12.03,overcast clouds
141,Akureyri,IS,2023-01-18 04:16:42,65.6835,-18.0878,22.93,74,100,10.36,overcast clouds
142,Mindelo,CV,2023-01-18 04:17:43,16.8901,-24.9804,71.15,73,75,26.46,broken clouds
143,Punta Arenas,CL,2023-01-18 04:17:44,-53.15,-70.9167,55.51,71,75,12.66,broken clouds
144,Moroni,KM,2023-01-18 04:17:45,-11.7022,43.2551,79.61,78,100,1.68,light rain
145,Qaanaaq,GL,2023-01-18 04:17:46,77.484,-69.3632,-19.28,87,88,6.2,overcast clouds
146,Laguna,US,2023-01-18 04:17:47,38.421,-121.4238,46.54,87,0,0.0,clear sky
147,Saldanha,ZA,2023-01-18 04:17:48,-33.0117,17.9442,62.65,95,98,12.95,overcast clouds
148,Lisakovsk,KZ,2023-01-18 04:11:26,52.5369,62.4936,-9.62,80,2,4.76,clear sky
149,Plettenberg Bay,ZA,2023-01-18 04:17:50,-34.0527,23.3716,70.72,90,98,3.74,overcast clouds
150,Nantucket,US,2023-01-18 04:12:57,41.2835,-70.0995,45.14,83,100,9.22,overcast clouds
151,Dasoguz,TM,2023-01-18 04:17:51,41.8363,59.9666,13.95,67,0,4.61,clear sky
152,Adrar,MR,2023-01-18 04:17:52,20.5022,-10.0711,62.58,17,100,8.37,overcast clouds
153,Gat,IL,2023-01-18 04:15:01,31.61,34.7642,54.39,69,0,5.55,clear sky
154,Vardo,NO,2023-01-18 04:17:53,70.3705,31.1107,24.78,86,16,28.77,few clouds
155,Mufumbwe,ZM,2023-01-18 04:17:54,-13.6833,24.8,61.56,98,100,3.33,overcast clouds
156,Abu Dhabi,AE,2023-01-18 04:14:31,24.4667,54.3667,69.91,71,20,13.8,few clouds
157,Chirilagua,SV,2023-01-18 04:13:22,13.2203,-88.1386,66.42,93,29,3.47,scattered clouds
158,General Roca,AR,2023-01-18 04:17:56,-39.0333,-67.5833,71.94,59,100,16.2,light rain
159,Eravur,LK,2023-01-18 04:17:58,7.7733,81.6095,79.21,72,95,13.04,overcast clouds
160,Sistranda,NO,2023-01-18 04:17:59,63.7256,8.834,35.56,66,100,20.29,overcast clouds
161,Banepa,NP,2023-01-18 04:18:00,27.6298,85.5214,48.52,66,20,4.61,mist
162,Manono,CD,2023-01-18 04:18:01,-7.3,27.4167,67.26,98,100,3.02,light rain
163,Synya,RU,2023-01-18 04:18:02,65.3718,58.0387,14.07,92,99,11.81,overcast clouds
164,Hearst,CA,2023-01-18 04:18:03,49.6835,-83.6665,17.85,95,100,10.87,snow
165,Kopayhorod,UA,2023-01-18 04:18:04,48.8592,27.7969,42.69,93,89,19.39,overcast clouds
166,San Cristobal,VE,2023-01-18 04:18:05,7.7669,-72.225,69.98,89,58,0.96,broken clouds
167,Tessalit,ML,2023-01-18 04:18:06,20.1986,1.0114,61.03,16,31,7.49,scattered clouds
168,Tombouctou,ML,2023-01-18 04:18:06,20.0,-3.0,62.94,20,84,7.23,broken clouds
169,Sarwar,IN,2023-01-18 04:18:08,26.0667,75.0,55.2,27,0,4.7,clear sky
170,Iisaku,EE,2023-01-18 04:18:09,59.1014,27.3081,32.41,98,100,12.46,snow
171,Mahebourg,MU,2023-01-18 04:18:10,-20.4081,57.7,81.25,78,75,14.97,light rain
172,Walvis Bay,NA,2023-01-18 04:18:11,-22.9575,14.5053,69.1,88,100,1.14,overcast clouds
173,Amapa,BR,2023-01-18 04:15:21,1.0,-52.0,69.96,99,100,2.19,overcast clouds
174,Ugoofaaru,MV,2023-01-18 04:18:12,5.6667,73.0,80.83,76,19,14.47,few clouds
175,Cardenas,CU,2023-01-18 04:15:53,23.0375,-81.2047,65.16,78,0,8.5,clear sky
176,Kayerkan,RU,2023-01-18 04:18:14,69.3497,87.7602,-30.08,85,76,5.41,broken clouds
177,Bredasdorp,ZA,2023-01-18 04:15:39,-34.5322,20.0403,70.66,93,100,9.1,overcast clouds
178,Joutseno,FI,2023-01-18 04:18:15,61.118,28.5076,32.79,96,100,11.83,snow
179,Vestmanna,FO,2023-01-18 04:18:16,62.1564,-7.1664,31.12,64,100,21.85,overcast clouds
180,Longyearbyen,SJ,2023-01-18 04:18:17,78.2186,15.6401,12.04,67,0,11.5,clear sky
181,Puerto Carreno,CO,2023-01-18 04:18:17,6.189,-67.4859,79.32,57,98,4.5,overcast clouds
182,Lyubech,UA,2023-01-18 04:18:18,51.7026,30.6569,39.33,97,100,14.52,overcast clouds
183,Aswan,EG,2023-01-18 04:18:19,24.0934,32.907,51.1,53,0,5.75,clear sky
184,Inongo,CD,2023-01-18 04:18:20,-1.95,18.2667,70.45,90,99,6.13,overcast clouds
185,Minsk,BY,2023-01-18 04:13:50,53.9,27.5667,35.35,97,100,8.86,overcast clouds
186,Ponta Delgada,PT,2023-01-18 04:08:21,37.7333,-25.6667,54.32,76,20,11.5,few clouds
187,Torbay,CA,2023-01-18 04:18:22,47.6666,-52.7314,48.97,97,100,11.5,light rain
188,Dudinka,RU,2023-01-18 04:19:23,69.4058,86.1778,-28.16,88,100,7.52,overcast clouds
189,Candolim,IN,2023-01-18 04:19:24,15.5181,73.7626,78.8,69,4,4.61,mist
190,Shenkursk,RU,2023-01-18 04:19:26,62.1091,42.896,21.18,94,89,6.17,overcast clouds
191,Salekhard,RU,2023-01-18 04:08:50,66.53,66.6019,0.93,98,100,3.15,overcast clouds
192,Matara,LK,2023-01-18 04:19:27,5.9485,80.5353,80.94,65,83,11.92,broken clouds
193,Millinocket,US,2023-01-18 04:19:28,45.6573,-68.7098,30.31,69,100,3.44,overcast clouds
194,Tamandare,BR,2023-01-18 04:19:29,-8.7597,-35.1047,76.73,84,98,8.16,overcast clouds
195,Kampene,CD,2023-01-18 04:19:30,-3.6,26.6667,65.93,99,99,2.35,overcast clouds
196,Sao Filipe,CV,2023-01-18 04:19:31,14.8961,-24.4956,76.19,60,57,9.98,broken clouds
197,Elizabeth City,US,2023-01-18 04:19:31,36.2946,-76.2511,54.01,95,100,12.66,overcast clouds
198,Barwadih,IN,2023-01-18 04:19:32,23.8333,84.1167,64.08,24,0,2.39,clear sky
199,Touros,BR,2023-01-18 04:19:33,-5.1989,-35.4608,78.17,81,85,10.96,overcast clouds
200,Husavik,IS,2023-01-18 04:19:34,66.0449,-17.3389,24.57,83,100,14.54,light snow
201,Tolmachevo,RU,2023-01-18 04:19:35,54.9824,82.7363,8.58,78,75,6.71,light snow
202,Sussex,US,2023-01-18 04:19:36,41.1834,-74.6663,41.68,67,40,1.01,scattered clouds
203,Tarko-Sale,RU,2023-01-18 04:19:37,64.9225,77.785,-4.29,97,100,16.62,overcast clouds
204,Sur,OM,2023-01-18 04:19:38,22.5667,59.5289,70.3,58,5,7.56,clear sky
205,Maldonado,UY,2023-01-18 04:19:39,-34.6667,-54.9167,69.19,92,0,8.21,clear sky
206,Nsanje,MW,2023-01-18 04:19:40,-16.92,35.262,72.99,98,100,2.17,overcast clouds
207,Mumbwa,ZM,2023-01-18 04:19:40,-14.9783,27.0619,61.52,99,100,4.27,overcast clouds
208,Vodyane,UA,2023-01-18 04:19:41,47.4875,34.4924,46.47,69,100,17.05,overcast clouds
209,Lagoa,PT,2023-01-18 04:17:02,39.05,-27.9833,56.41,69,0,11.68,clear sky
210,Sinnamary,GF,2023-01-18 04:19:43,5.3833,-52.95,75.49,82,97,6.26,overcast clouds
211,Lebu,CL,2023-01-18 04:19:44,-37.6167,-73.65,54.75,92,20,9.53,few clouds
212,Mangan,IN,2023-01-18 04:19:44,27.5167,88.5333,56.55,53,0,3.56,clear sky
213,Derzhavinsk,KZ,2023-01-18 04:19:45,51.1,66.3167,-4.09,78,88,5.73,overcast clouds
214,Paita,PE,2023-01-18 04:19:46,-5.0892,-81.1144,70.3,78,99,8.23,overcast clouds
215,Paamiut,GL,2023-01-18 04:19:47,61.994,-49.6678,19.13,67,100,9.22,overcast clouds
216,Michigan City,US,2023-01-18 04:19:47,41.7075,-86.895,38.64,84,100,9.22,overcast clouds
217,Jalu,LY,2023-01-18 04:19:47,29.0331,21.5482,53.65,53,0,9.8,clear sky
218,Nouadhibou,MR,2023-01-18 04:19:49,20.931,-17.0347,62.58,67,96,14.97,overcast clouds
219,Ati,TD,2023-01-18 04:19:49,13.2154,18.3353,66.22,28,100,7.94,overcast clouds
220,Ancud,CL,2023-01-18 04:19:50,-41.8697,-73.8203,53.19,91,98,2.55,overcast clouds
221,Binga,ZW,2023-01-18 04:19:51,-17.6203,27.3414,69.39,93,95,6.26,light rain
222,Muisne,EC,2023-01-18 04:19:51,0.6,-80.0333,75.56,84,100,7.92,overcast clouds
223,Iquique,CL,2023-01-18 04:19:51,-20.2208,-70.1431,68.04,77,54,0.51,broken clouds
224,Narsaq,GL,2023-01-18 04:19:52,60.9167,-46.05,14.22,71,100,6.62,overcast clouds
225,Vila Velha,BR,2023-01-18 04:19:52,-20.3297,-40.2925,75.15,97,75,2.3,broken clouds
226,Namanyere,TZ,2023-01-18 04:19:53,-7.5167,31.05,59.22,98,99,2.89,light rain
227,Oranjemund,NA,2023-01-18 04:19:54,-28.55,16.4333,65.93,91,100,7.94,overcast clouds
228,Vilhena,BR,2023-01-18 04:19:55,-12.7406,-60.1458,66.07,94,90,1.63,overcast clouds
229,Los Llanos De Aridane,ES,2023-01-18 04:19:56,28.6585,-17.9182,58.75,79,75,9.22,broken clouds
230,Mecca,SA,2023-01-18 04:06:25,21.4267,39.8261,66.54,54,7,2.28,clear sky
231,Vestmannaeyjar,IS,2023-01-18 04:19:58,63.4427,-20.2734,21.9,75,0,19.44,clear sky
232,Gopalpur,IN,2023-01-18 04:19:59,19.2667,84.9167,75.56,67,0,0.83,clear sky
233,Pangnirtung,CA,2023-01-18 04:19:59,66.1451,-65.7125,-12.69,71,100,3.67,overcast clouds
234,Mahuva,IN,2023-01-18 05:10:21,21.0914,71.7622,71.71,34,0,11.48,clear sky
235,Kondinskoye,RU,2023-01-18 05:10:22,59.6481,67.41,12.11,87,98,9.84,overcast clouds
236,Mocuba,MZ,2023-01-18 05:10:23,-16.8392,36.9856,75.13,91,100,3.42,overcast clouds
237,Marsh Harbour,BS,2023-01-18 05:10:25,26.5412,-77.0636,69.06,61,0,4.05,clear sky
238,Mabaruma,GY,2023-01-18 05:10:25,8.2,-59.7833,68.86,97,92,2.19,overcast clouds
239,Nortelandia,BR,2023-01-18 05:10:26,-14.4547,-56.8028,71.44,97,100,0.6,overcast clouds
240,Vitre,FR,2023-01-18 05:10:27,48.1178,-1.2058,31.82,87,26,6.02,scattered clouds
241,Mantua,IT,2023-01-18 05:10:27,45.1667,10.7833,38.01,91,100,1.99,overcast clouds
242,Porto Santo,PT,2023-01-18 05:10:27,33.072,-16.3415,59.38,63,75,19.57,light rain
243,Tifton,US,2023-01-18 05:10:28,31.4505,-83.5085,62.56,97,62,7.9,broken clouds
244,Kargopol,RU,2023-01-18 05:10:28,61.5071,38.9456,29.46,93,100,10.36,overcast clouds
245,Trogir,HR,2023-01-18 05:10:28,43.5125,16.2517,54.79,76,40,21.85,light rain
246,Jawhar,SO,2023-01-18 05:10:29,2.7809,45.5005,75.11,73,77,15.12,broken clouds
247,Karoi,ZW,2023-01-18 05:10:29,-16.8099,29.6925,64.06,95,99,6.8,overcast clouds
248,Oranjestad,AW,2023-01-18 05:09:01,12.524,-70.027,77.92,87,3,5.99,clear sky
249,Pokhara,NP,2023-01-18 05:08:58,28.2333,83.9833,60.51,37,0,6.11,clear sky
250,Bengkulu,ID,2023-01-18 05:10:30,-3.8004,102.2655,83.84,65,79,6.62,broken clouds
251,Pitimbu,BR,2023-01-18 05:10:30,-7.4706,-34.8086,75.79,82,82,9.62,broken clouds
252,Cap Malheureux,MU,2023-01-18 05:10:31,-19.9842,57.6142,81.46,74,100,11.01,overcast clouds
253,Sambava,MG,2023-01-18 05:09:04,-14.2667,50.1667,78.3,77,96,12.19,overcast clouds
254,Surt,LY,2023-01-18 05:10:31,31.2089,16.5887,57.09,40,0,16.75,clear sky
255,Esmeralda,CU,2023-01-18 05:10:32,21.8525,-78.1169,64.83,80,0,4.0,clear sky
256,Chicama,PE,2023-01-18 05:10:32,-7.8447,-79.1469,66.74,72,24,2.46,few clouds
257,San Andres,CO,2023-01-18 05:07:57,12.5847,-81.7006,78.96,77,40,10.54,light rain
258,Graz,AT,2023-01-18 05:07:19,47.0667,15.45,34.92,84,20,4.61,fog
259,Kutum,SD,2023-01-18 05:10:34,14.2,24.6667,53.92,35,100,3.6,overcast clouds
260,Chernyakhovsk,RU,2023-01-18 05:10:34,54.6335,21.8156,33.15,87,91,5.41,overcast clouds
261,Otuzco,PE,2023-01-18 05:10:34,-7.9,-78.5833,49.06,83,59,2.19,broken clouds
262,Kangaatsiaq,GL,2023-01-18 05:10:35,68.3065,-53.4641,-16.01,95,48,11.32,scattered clouds
263,Nalut,LY,2023-01-18 05:10:36,30.3333,10.85,48.85,25,0,11.74,clear sky
264,Seabra,BR,2023-01-18 05:10:37,-12.4186,-41.7703,62.74,97,18,3.11,few clouds
265,Charlestown,AU,2023-01-18 05:10:38,-32.95,151.6667,85.78,75,5,8.01,clear sky
266,Sovetskiy,RU,2023-01-18 05:10:38,61.3614,63.5842,5.38,93,76,5.41,broken clouds
267,Parrita,CR,2023-01-18 05:10:39,9.5201,-84.3225,75.56,85,35,2.73,scattered clouds
268,Gambela,ET,2023-01-18 05:10:40,8.25,34.5833,78.4,40,83,2.93,broken clouds
269,Momil,CO,2023-01-18 05:10:41,9.2377,-75.6749,75.67,88,4,5.77,clear sky
270,Boda,CF,2023-01-18 05:10:41,4.3189,17.4695,70.56,33,82,4.21,broken clouds
271,Knysna,ZA,2023-01-18 05:10:42,-34.0363,23.0471,73.63,88,90,1.28,overcast clouds
272,Edelira,PY,2023-01-18 05:10:42,-26.75,-55.2667,70.81,81,29,2.66,scattered clouds
273,Hakkari,TR,2023-01-18 05:09:23,37.5833,44.1667,11.98,85,20,1.14,mist
274,Tromso,NO,2023-01-18 05:10:43,69.6496,18.957,26.62,80,0,0.0,clear sky
275,Klaksvik,FO,2023-01-18 05:10:43,62.2266,-6.589,32.92,71,100,31.16,light snow
276,Gabu,GW,2023-01-18 05:10:44,12.2833,-14.2167,69.39,18,75,5.28,broken clouds
277,Muros,ES,2023-01-18 05:10:44,42.7762,-9.0603,43.09,92,74,20.47,broken clouds
278,Cervo,ES,2023-01-18 05:10:44,43.6702,-7.4101,46.98,67,100,19.3,overcast clouds
279,Yenagoa,NG,2023-01-18 05:10:45,4.9247,6.2642,76.01,88,100,1.34,overcast clouds
280,Namibe,AO,2023-01-18 05:11:45,-15.1961,12.1522,73.02,77,98,4.65,overcast clouds
281,Albanel,CA,2023-01-18 05:11:46,48.8832,-72.4487,25.48,94,100,2.53,overcast clouds
282,Saint-Augustin,CA,2023-01-18 05:11:46,51.226,-58.6502,35.02,100,100,10.33,light snow
283,Ushtobe,KZ,2023-01-18 05:11:47,45.2514,77.9838,7.77,75,5,9.31,clear sky
284,Cockburn Town,TC,2023-01-18 05:11:48,21.4612,-71.1419,75.69,57,35,15.37,scattered clouds
285,Holland,US,2023-01-18 05:11:49,42.7875,-86.1089,39.38,91,100,11.99,overcast clouds
286,Mutare,ZW,2023-01-18 05:11:49,-18.9707,32.6709,64.8,90,100,4.7,overcast clouds
287,Hauterive,FR,2023-01-18 05:11:50,46.0901,3.4459,38.16,99,89,6.98,overcast clouds
288,Brae,GB,2023-01-18 05:11:51,60.3964,-1.353,38.82,81,92,27.65,light rain
289,Bonthe,SL,2023-01-18 05:11:47,7.5264,-12.505,73.2,89,38,3.62,scattered clouds
290,Salcininkai,LT,2023-01-18 05:11:53,54.3,25.3833,35.69,93,100,6.04,overcast clouds
291,Lokosovo,RU,2023-01-18 05:11:54,61.1333,74.8167,1.62,96,88,6.53,overcast clouds
292,Porosozero,RU,2023-01-18 05:11:55,62.7191,32.727,23.59,95,100,9.8,light snow
293,Malakal,SS,2023-01-18 05:11:55,9.5334,31.6605,72.28,24,97,7.05,overcast clouds
294,Tigre,AR,2023-01-18 05:11:57,-34.426,-58.5796,79.25,62,19,5.01,few clouds
295,Balsas,BR,2023-01-18 05:11:57,-7.5325,-46.0356,72.93,82,100,1.48,overcast clouds
296,Murgab,TM,2023-01-18 05:11:57,37.4966,61.9714,28.72,63,100,4.43,overcast clouds
297,Iskateley,RU,2023-01-18 05:11:58,67.6803,53.1512,18.84,94,99,15.23,overcast clouds
298,Mahibadhoo,MV,2023-01-18 05:11:59,3.7833,72.9667,81.05,77,28,11.07,scattered clouds
299,Buraydah,SA,2023-01-18 05:12:00,26.326,43.975,49.28,72,92,7.45,overcast clouds
300,Sabha,LY,2023-01-18 05:12:01,27.0377,14.4283,50.52,38,0,11.07,clear sky
301,Akdepe,TM,2023-01-18 05:12:01,42.0551,59.3788,25.66,39,7,8.28,clear sky
302,Fort Walton Beach,US,2023-01-18 05:12:02,30.4058,-86.6188,65.08,94,40,0.0,mist
303,Saint-Francois,FR,2023-01-18 05:12:03,46.4154,3.9054,33.24,93,100,3.44,snow
304,Henties Bay,NA,2023-01-18 05:12:04,-22.116,14.2845,67.6,85,83,4.07,broken clouds
305,Joshimath,IN,2023-01-18 05:12:05,30.5667,79.5667,48.88,18,92,3.38,overcast clouds
306,Kamenka,RU,2023-01-18 05:12:06,51.3223,42.7678,24.17,92,99,15.48,overcast clouds
307,Grindavik,IS,2023-01-18 05:12:06,63.8424,-22.4338,21.67,68,20,16.11,few clouds
308,Kasama,ZM,2023-01-18 05:12:07,-10.2129,31.1808,60.17,99,100,3.56,light rain
309,Meybod,IR,2023-01-18 05:12:07,32.2501,54.0166,35.62,95,100,3.56,overcast clouds
310,Onguday,RU,2023-01-18 05:12:07,50.75,86.15,12.51,92,99,0.58,overcast clouds
311,Apostolove,UA,2023-01-18 05:12:08,47.66,33.7137,47.34,70,100,17.63,overcast clouds
312,Ostersund,SE,2023-01-18 05:12:09,63.1792,14.6357,28.85,100,40,8.05,snow
313,Ayorou,NE,2023-01-18 05:12:10,14.7308,0.9174,63.79,19,11,9.98,few clouds
314,Tukrah,LY,2023-01-18 05:12:11,32.5341,20.5791,56.79,58,8,22.1,clear sky
315,Envira,BR,2023-01-18 05:11:20,-7.3,-70.2167,70.5,99,68,2.59,broken clouds
316,Guhagar,IN,2023-01-18 05:12:13,17.4842,73.1929,81.84,36,7,1.07,clear sky
317,Sao Francisco,BR,2023-01-18 05:11:24,-15.9486,-44.8644,67.59,86,8,3.29,light rain
318,Kant,IN,2023-01-18 05:12:14,27.8,79.8,57.69,42,5,4.9,clear sky
319,Inverness,GB,2023-01-18 05:12:15,57.4791,-4.224,35.83,86,0,10.36,clear sky
320,Voi,KE,2023-01-18 05:12:15,-3.3945,38.563,72.99,76,96,2.84,overcast clouds
321,Kalemie,CD,2023-01-18 05:12:17,-5.9475,29.1947,67.75,91,100,3.87,overcast clouds
322,Olafsvik,IS,2023-01-18 05:12:18,64.8945,-23.7142,23.52,71,86,11.83,overcast clouds
323,Rio Gallegos,AR,2023-01-18 05:07:35,-51.6226,-69.2181,59.86,54,94,5.01,overcast clouds
324,Guarapari,BR,2023-01-18 05:12:19,-20.6667,-40.4975,73.89,92,5,5.12,clear sky
325,Kaz,RU,2023-01-18 05:12:20,52.9113,87.3105,12.58,94,100,7.9,light snow
326,Ajaccio,FR,2023-01-18 05:12:21,42.0,8.9167,41.05,81,75,6.91,broken clouds
327,Saint-Germain-De-Grantham,CA,2023-01-18 05:07:44,45.8334,-72.5658,28.33,88,100,1.01,overcast clouds
328,Beloha,MG,2023-01-18 05:13:23,-25.1667,45.05,79.9,63,1,9.26,clear sky
329,Sao Gabriel Da Cachoeira,BR,2023-01-18 05:13:23,-0.1303,-67.0892,70.34,99,100,0.36,overcast clouds
330,Ipojuca,BR,2023-01-18 05:12:09,-8.3989,-35.0639,80.51,87,91,5.39,overcast clouds
331,Cocobeach,GA,2023-01-18 05:13:25,1.0002,9.5823,78.73,82,100,3.44,light rain
332,Kidal,ML,2023-01-18 05:13:26,18.4411,1.4078,61.02,20,15,8.21,few clouds
333,Kaka,TM,2023-01-18 05:13:27,37.3482,59.6143,30.65,57,100,2.66,overcast clouds
334,Sioux Lookout,CA,2023-01-18 05:13:28,50.1001,-91.917,-0.15,99,89,4.0,overcast clouds
335,Thionville,FR,2023-01-18 05:13:28,49.3333,6.3333,32.16,82,100,5.88,overcast clouds
336,Tsumeb,NA,2023-01-18 05:13:30,-19.2333,17.7167,67.06,82,98,4.41,overcast clouds
337,Soyo,AO,2023-01-18 05:13:31,-6.1349,12.3689,78.1,87,98,5.61,moderate rain
338,Araouane,ML,2023-01-18 05:13:32,18.9048,-3.5265,65.77,17,97,7.52,overcast clouds
339,Constantine,DZ,2023-01-18 05:13:33,36.365,6.6147,51.21,57,20,17.27,few clouds
340,Shelburne,CA,2023-01-18 05:13:34,44.0787,-80.2041,35.24,98,100,14.56,overcast clouds
341,Meiganga,CM,2023-01-18 05:13:35,6.5167,14.3,64.2,36,82,5.5,broken clouds
342,Dakar,SN,2023-01-18 05:13:35,14.6937,-17.4441,81.48,53,95,17.38,overcast clouds
343,Santa Isabel Do Rio Negro,BR,2023-01-18 05:13:37,-0.4139,-65.0192,71.01,99,100,2.55,overcast clouds
344,Umm Kaddadah,SD,2023-01-18 05:13:38,13.6017,26.6876,56.66,31,80,11.88,broken clouds
345,Lafia,NG,2023-01-18 05:13:38,8.4833,8.5167,71.73,23,16,2.15,few clouds
346,Carutapera,BR,2023-01-18 05:13:40,-1.195,-46.02,73.38,94,97,5.12,overcast clouds
347,Birao,CF,2023-01-18 05:13:40,10.2849,22.7882,65.12,24,97,8.57,overcast clouds
348,Ravar,IR,2023-01-18 05:13:41,31.2656,56.8055,36.9,95,99,1.66,overcast clouds
349,Petropavl,KZ,2023-01-18 05:13:42,54.8753,69.1628,-0.42,65,0,11.18,clear sky
350,Kiruna,SE,2023-01-18 05:13:42,67.8557,20.2251,9.52,85,100,0.0,overcast clouds
351,Sao Felix Do Xingu,BR,2023-01-18 05:13:43,-6.6447,-51.995,69.39,98,100,1.52,overcast clouds
352,Bud,US,2023-01-18 05:13:43,39.447,-86.1758,41.02,85,18,7.85,few clouds
353,Muravlenko,RU,2023-01-18 05:13:43,63.7898,74.523,5.94,97,100,7.85,overcast clouds
354,Tibati,CM,2023-01-18 05:13:44,6.4667,12.6333,64.78,29,100,3.85,overcast clouds
355,Lima,PE,2023-01-18 05:12:38,-12.0432,-77.0282,70.9,80,0,9.22,clear sky
356,Pontes E Lacerda,BR,2023-01-18 05:13:46,-15.2261,-59.3353,69.4,94,97,0.69,overcast clouds
357,San Ramon,US,2023-01-18 05:13:46,37.7799,-121.978,48.74,85,0,4.61,clear sky
358,Corinto,GR,2023-01-18 05:13:48,37.9407,22.9573,62.89,67,11,16.22,few clouds
359,Sangin,AF,2023-01-18 05:13:48,32.0728,64.8359,39.13,68,100,1.83,overcast clouds
360,Summerside,CA,2023-01-18 05:13:49,46.3959,-63.7876,34.47,96,100,10.02,light snow
361,Verkhnyaya Inta,RU,2023-01-18 05:13:50,65.9811,60.3094,16.23,88,100,18.86,overcast clouds
362,Kantunilkin,MX,2023-01-18 05:13:51,21.0917,-87.45,64.58,89,0,3.29,clear sky
363,Sao Miguel Do Araguaia,BR,2023-01-18 05:13:52,-13.275,-50.1628,69.62,90,6,1.95,clear sky
364,Mogadishu,SO,2023-01-18 05:11:22,2.0371,45.3438,76.62,77,92,16.53,overcast clouds
365,Colquechaca,BO,2023-01-18 05:13:55,-18.6667,-66.0167,33.69,73,91,3.98,overcast clouds
366,Dhidhdhoo,MV,2023-01-18 05:13:57,6.8833,73.1,80.49,75,6,13.67,clear sky
367,Belyy Yar,RU,2023-01-18 05:13:58,53.6039,91.3903,9.86,76,75,11.18,broken clouds
368,Hornepayne,CA,2023-01-18 05:13:59,49.2138,-84.7705,14.43,94,100,11.05,light snow
369,Yukhnov,RU,2023-01-18 05:14:01,54.7444,35.2297,34.41,96,100,11.01,overcast clouds
370,Grand-Santi,GF,2023-01-18 05:14:02,4.25,-54.3833,70.3,100,100,1.95,overcast clouds
371,Camopi,GF,2023-01-18 05:14:02,3.1655,-52.3158,69.8,99,100,2.06,overcast clouds
372,Narasannapeta,IN,2023-01-18 05:14:04,18.4167,84.05,79.75,57,0,3.22,clear sky
373,Puerto Madryn,AR,2023-01-18 05:14:04,-42.7692,-65.0385,69.6,74,91,7.78,overcast clouds
374,Marsa Matruh,EG,2023-01-18 05:14:05,31.3525,27.2453,56.01,74,0,9.44,clear sky
375,Lichtenburg,ZA,2023-01-18 05:15:06,-26.152,26.1597,67.24,71,61,14.03,broken clouds
376,Ibra,OM,2023-01-18 05:15:07,22.6906,58.5334,67.82,60,4,2.91,clear sky
377,Pakala,IN,2023-01-18 05:15:08,13.4667,79.1167,75.61,57,25,5.26,scattered clouds
378,Demba,CD,2023-01-18 05:15:09,-5.51,22.2667,64.69,97,100,1.9,overcast clouds
379,Novosokolniki,RU,2023-01-18 05:15:10,56.3463,30.1578,35.17,99,100,9.86,overcast clouds
380,Proletariy,RU,2023-01-18 05:15:12,58.4342,31.7046,34.39,99,100,12.24,light snow
381,Saint Anthony,US,2023-01-18 05:15:14,45.0205,-93.218,34.25,88,100,9.22,overcast clouds
382,Vuktyl,RU,2023-01-18 05:15:15,63.8567,57.3094,13.46,94,100,9.57,light snow
383,Hualmay,PE,2023-01-18 05:15:16,-11.0964,-77.6139,69.08,82,97,5.61,overcast clouds
384,Zapolyarnyy,RU,2023-01-18 05:15:17,69.4154,30.8136,13.28,99,52,7.4,broken clouds
385,Dire Dawa,ET,2023-01-18 05:15:18,9.5931,41.8661,66.42,42,18,2.53,few clouds
386,San-Pedro,CI,2023-01-18 05:15:19,4.7485,-6.6363,75.31,93,68,3.76,broken clouds
387,Csenger,HU,2023-01-18 05:15:20,47.8358,22.681,52.05,74,100,20.85,overcast clouds
388,Luangwa,ZM,2023-01-18 05:15:21,-15.6167,30.4167,71.4,96,99,1.07,light rain
389,Camacha,PT,2023-01-18 05:15:22,33.0833,-16.3333,56.62,63,75,19.57,light rain
390,Chapleau,CA,2023-01-18 05:15:23,47.8405,-83.4034,28.04,95,100,8.5,overcast clouds
391,Tremosnice,CZ,2023-01-18 05:15:24,49.8691,15.58,36.55,97,100,5.75,snow
392,Usinsk,RU,2023-01-18 05:11:49,65.9939,57.5281,15.78,94,100,18.57,light snow
393,Sirajganj,BD,2023-01-18 05:15:25,24.45,89.7167,62.42,53,0,3.65,clear sky
394,Monchegorsk,RU,2023-01-18 05:15:27,67.9397,32.8739,12.74,100,81,5.75,broken clouds
395,Heinola,FI,2023-01-18 05:15:28,61.2056,26.0381,32.0,98,100,8.61,light snow
396,Wilmington,US,2023-01-18 05:10:51,34.2257,-77.9447,58.89,75,95,3.0,overcast clouds
397,Turukhansk,RU,2023-01-18 05:15:29,65.8167,87.9833,-35.01,86,32,6.4,scattered clouds
398,Oussouye,SN,2023-01-18 05:15:30,12.485,-16.5469,71.91,25,79,6.91,broken clouds
399,Alaverdi,AM,2023-01-18 05:15:31,41.0977,44.6732,33.37,74,46,4.47,scattered clouds
400,Wexford,IE,2023-01-18 05:15:32,52.3342,-6.4575,35.89,88,33,7.0,scattered clouds
401,Bria,CF,2023-01-18 05:15:33,6.5423,21.9863,64.18,35,31,4.63,scattered clouds
402,Huarmey,PE,2023-01-18 05:15:33,-10.0681,-78.1522,69.53,80,100,3.62,overcast clouds
403,Altagracia De Orituco,VE,2023-01-18 05:15:34,9.8601,-66.3814,67.51,92,98,4.36,overcast clouds
404,Bafoulabe,ML,2023-01-18 05:15:35,13.8065,-10.8321,71.67,16,7,4.7,clear sky
405,Am Timan,TD,2023-01-18 05:15:36,11.0297,20.2827,68.38,28,100,5.68,overcast clouds
406,Balsthal,CH,2023-01-18 05:15:37,47.3161,7.6932,34.11,95,55,3.87,broken clouds
407,Lamas,PE,2023-01-18 05:15:37,-6.4167,-76.5333,65.39,93,43,3.0,scattered clouds
408,Kuusamo,FI,2023-01-18 05:15:39,65.9667,29.1833,24.84,93,100,11.5,overcast clouds
409,Hlucin,CZ,2023-01-18 05:15:39,49.8979,18.192,36.05,97,100,4.88,light snow
410,Progreso,MX,2023-01-18 05:15:40,21.2833,-89.6667,72.1,71,10,13.98,clear sky
411,Parabel,RU,2023-01-18 05:15:40,58.6978,81.4825,3.96,95,100,7.72,light snow
412,Elesbao Veloso,BR,2023-01-18 05:15:41,-6.2019,-42.1403,71.74,76,97,1.92,overcast clouds
413,Cravo Norte,CO,2023-01-18 05:15:41,6.3017,-70.2041,78.19,54,75,5.7,broken clouds
414,Micomeseng,GQ,2023-01-18 05:15:42,2.1462,10.6164,67.77,99,79,1.72,broken clouds
415,Sorland,NO,2023-01-18 05:15:42,67.667,12.6934,37.26,64,100,21.7,overcast clouds
416,Inta,RU,2023-01-18 05:15:42,66.0317,60.1659,15.93,88,100,20.07,overcast clouds
417,Piracaia,BR,2023-01-18 05:15:43,-23.0539,-46.3581,67.24,98,98,3.02,overcast clouds
418,Angoche,MZ,2023-01-18 05:15:44,-16.2325,39.9086,79.05,81,100,0.54,light rain
419,Jiwani,PK,2023-01-18 05:15:45,25.05,61.7417,70.56,66,0,11.16,clear sky
420,Santa Isabel,BR,2023-01-18 05:15:45,-23.3156,-46.2214,69.1,99,94,2.08,overcast clouds
421,Ambilobe,MG,2023-01-18 05:15:45,-13.2,49.05,77.83,81,80,1.54,broken clouds
422,Ulenje,TZ,2023-01-18 05:16:47,-8.9333,33.6833,57.76,94,99,1.9,overcast clouds
423,Joigny,FR,2023-01-18 05:16:47,47.9829,3.401,31.8,91,100,8.16,overcast clouds
424,Mitu,CO,2023-01-18 05:16:48,1.1983,-70.1733,70.43,99,100,1.28,heavy intensity rain
425,Ullapool,GB,2023-01-18 05:16:49,57.8987,-5.1604,37.35,87,92,14.16,overcast clouds
426,Rodez,FR,2023-01-18 05:16:50,44.5,2.5833,34.11,100,100,13.8,light snow
427,Mezen,RU,2023-01-18 05:16:51,65.8522,44.24,14.13,96,81,8.37,broken clouds
428,Nicolas Bravo,MX,2023-01-18 05:16:52,18.45,-88.9167,64.17,98,5,2.3,clear sky
429,Contagem,BR,2023-01-18 05:16:53,-19.9317,-44.0536,69.76,73,0,5.75,clear sky
430,Kismayo,SO,2023-01-18 05:16:53,-0.3582,42.5454,77.72,76,99,13.87,overcast clouds
431,Manavalakurichi,IN,2023-01-18 05:16:54,8.1333,77.3,83.64,55,14,8.84,few clouds
432,Chupa,RU,2023-01-18 05:16:55,66.27,33.0549,23.36,93,100,7.47,overcast clouds
433,Bouillante,GP,2023-01-18 05:16:56,16.1304,-61.7692,70.83,83,3,8.61,clear sky
434,Samarkand,UZ,2023-01-18 05:16:56,39.6542,66.9597,31.42,40,23,11.5,few clouds
435,Abha,SA,2023-01-18 05:13:04,18.2164,42.5053,52.05,82,0,5.75,clear sky
436,Luanda,AO,2023-01-18 05:11:59,-8.8368,13.2343,78.8,89,40,4.61,light rain
437,Minas,UY,2023-01-18 05:16:58,-34.3759,-55.2377,64.18,89,1,13.98,clear sky
438,Oriximina,BR,2023-01-18 05:16:59,-1.7656,-55.8661,71.83,97,100,2.46,overcast clouds
439,Mayumba,GA,2023-01-18 05:17:00,-3.432,10.6554,77.11,86,93,3.85,overcast clouds
440,Berbera,SO,2023-01-18 05:17:00,10.4396,45.0143,74.95,72,94,3.6,overcast clouds
441,Judaberg,NO,2023-01-18 05:17:01,59.1659,5.8732,34.79,66,100,7.29,overcast clouds
442,La Ligua,CL,2023-01-18 05:17:03,-32.4524,-71.2311,61.83,77,0,1.48,clear sky
443,Nisia Floresta,BR,2023-01-18 05:17:04,-6.0911,-35.2086,74.21,89,85,5.28,overcast clouds
444,Kulpahar,IN,2023-01-18 05:17:05,25.3167,79.65,58.15,36,0,1.32,clear sky
445,George,ZA,2023-01-18 05:17:06,-33.963,22.4617,69.35,100,100,6.91,mist
446,Bata,GQ,2023-01-18 05:17:07,1.8639,9.7658,77.63,85,100,3.8,overcast clouds
447,Purpe,RU,2023-01-18 05:17:07,64.4803,76.6897,-0.81,97,99,12.08,overcast clouds
448,Shakawe,BW,2023-01-18 05:13:16,-18.3667,21.85,67.1,92,99,3.18,overcast clouds
449,Kaduna,NG,2023-01-18 05:17:09,10.5222,7.4383,61.43,26,37,9.37,scattered clouds
450,Carballo,ES,2023-01-18 05:17:10,43.213,-8.691,46.09,82,99,12.35,overcast clouds
451,Brigantine,US,2023-01-18 05:17:11,39.4101,-74.3646,44.02,97,100,5.75,mist
452,Murovani Kurylivtsi,UA,2023-01-18 05:17:13,48.7235,27.5189,44.29,95,100,18.61,overcast clouds
453,Upington,ZA,2023-01-18 05:17:13,-28.4478,21.2561,82.78,32,0,6.91,clear sky
454,Porto Belo,BR,2023-01-18 05:17:14,-27.1578,-48.5531,72.79,95,99,5.88,light rain
455,Boende,CD,2023-01-18 05:17:15,-0.2167,20.8667,68.43,93,100,1.63,overcast clouds
456,Dutse,NG,2023-01-18 05:17:16,11.7594,9.3392,58.1,29,1,6.67,clear sky
457,Torit,SS,2023-01-18 05:17:16,4.4133,32.5678,78.35,36,74,1.5,broken clouds
458,Uniao,BR,2023-01-18 05:17:17,-4.5858,-42.8642,70.34,99,98,3.15,moderate rain
459,Yara,CU,2023-01-18 05:17:19,20.2753,-76.9533,62.92,78,0,2.66,clear sky
460,Koulamoutou,GA,2023-01-18 05:17:19,-1.1303,12.4736,68.95,98,69,0.94,broken clouds
461,Opuwo,NA,2023-01-18 05:13:22,-18.0607,13.84,67.64,82,100,2.06,light rain
462,Quelimane,MZ,2023-01-18 05:17:21,-17.8786,36.8883,79.95,82,95,3.33,overcast clouds
463,Aranos,NA,2023-01-18 05:17:22,-24.1333,19.1167,76.12,47,44,7.29,scattered clouds
464,Mozarlandia,BR,2023-01-18 05:17:23,-14.7447,-50.5706,69.42,93,0,3.98,clear sky
465,Kitgum,UG,2023-01-18 05:17:25,3.2783,32.8867,71.67,35,59,1.48,broken clouds
466,Dunda,TZ,2023-01-18 05:17:25,-8.1167,34.25,66.31,91,94,2.13,overcast clouds
467,Cuamba,MZ,2023-01-18 05:17:26,-14.8031,36.5372,69.48,96,98,1.97,overcast clouds
468,Calama,CL,2023-01-18 05:17:27,-22.4667,-68.9333,50.49,53,0,8.05,clear sky
469,Biscarrosse,FR,2023-01-18 05:17:27,44.3945,-1.1672,37.35,93,0,9.22,clear sky
470,Sechura,PE,2023-01-18 05:18:28,-5.5569,-80.8222,71.15,71,78,9.64,broken clouds
471,Salym,RU,2023-01-18 05:18:29,60.0625,71.4789,7.93,92,66,6.96,broken clouds
472,Goderich,CA,2023-01-18 05:18:30,43.7501,-81.7165,38.91,93,100,13.8,overcast clouds
473,Pisco,PE,2023-01-18 05:18:31,-13.7,-76.2167,69.85,83,0,8.05,clear sky
474,Waterford,US,2023-01-18 05:18:31,42.7023,-83.4027,39.47,89,100,11.5,overcast clouds
475,Porto Novo,BJ,2023-01-18 05:18:32,6.4965,2.6036,76.82,87,59,3.94,broken clouds
476,Soverato,IT,2023-01-18 05:18:32,38.685,16.5499,57.16,71,10,7.85,clear sky
477,Vieques,PR,2023-01-18 05:18:33,18.425,-65.8329,78.82,61,20,9.22,few clouds
478,Kolyshley,RU,2023-01-18 05:18:33,52.7005,44.5367,16.99,92,100,11.92,overcast clouds
479,Escanaba,US,2023-01-18 05:18:33,45.7453,-87.0646,34.11,85,100,1.99,overcast clouds
480,Zharkovskiy,RU,2023-01-18 05:18:34,55.849,32.2697,34.23,98,100,9.4,overcast clouds
481,Xuddur,SO,2023-01-18 05:18:34,4.1213,43.8894,71.76,60,54,20.56,broken clouds
482,Soure,BR,2023-01-18 05:18:35,-0.7167,-48.5233,75.34,88,100,9.37,overcast clouds
483,Trincomalee,LK,2023-01-18 05:18:35,8.5711,81.2335,78.28,70,95,14.29,overcast clouds
484,Truro,GB,2023-01-18 05:18:36,50.2653,-5.0544,42.08,60,40,23.02,scattered clouds
485,Ikungi,TZ,2023-01-18 05:18:37,-5.1333,34.7667,61.9,86,61,6.51,broken clouds
486,Raahe,FI,2023-01-18 05:18:37,64.6833,24.4833,30.29,85,100,17.72,light snow
487,Lamu,KE,2023-01-18 05:18:38,-2.2717,40.902,77.22,75,99,10.27,overcast clouds
488,Hvolsvollur,IS,2023-01-18 05:18:39,63.7533,-20.2243,8.83,83,3,10.07,clear sky
489,Katete,UG,2023-01-18 05:18:39,-0.7818,29.7544,65.79,61,96,1.79,overcast clouds
490,Navirai,BR,2023-01-18 05:18:41,-23.065,-54.1906,70.29,95,100,1.68,overcast clouds
491,Saint-Georges,GD,2023-01-18 05:18:42,12.0564,-61.7485,74.88,88,40,9.22,light rain
492,Misratah,LY,2023-01-18 05:18:43,32.3754,15.0925,57.97,38,2,17.47,clear sky
493,Mopipi,BW,2023-01-18 05:18:44,-21.1833,24.8833,74.01,64,48,13.71,scattered clouds
494,Great Yarmouth,GB,2023-01-18 05:18:44,52.6083,1.7305,29.41,86,17,16.82,few clouds
495,Hambantota,LK,2023-01-18 05:18:45,6.1241,81.1185,82.74,67,83,18.68,broken clouds
496,Hamilton,US,2023-01-18 05:16:38,39.1834,-84.5333,42.6,83,100,13.8,overcast clouds
497,Liepaja,LV,2023-01-18 05:18:46,56.5419,21.0367,33.78,100,20,5.75,few clouds
498,Hofn,IS,2023-01-18 05:18:47,64.2539,-15.2082,24.71,59,0,22.55,clear sky
499,Requena,ES,2023-01-18 05:18:47,39.4883,-1.1004,36.52,71,92,21.09,overcast clouds
500,Saint-Paul,RE,2023-01-18 05:18:47,-21.0096,55.2707,82.51,67,100,3.89,overcast clouds
501,Gobabis,NA,2023-01-18 05:18:48,-22.45,18.9667,69.6,61,65,5.23,broken clouds
502,Alegrete,BR,2023-01-18 05:18:49,-29.7831,-55.7919,74.73,68,0,16.69,clear sky
503,Bergen,NO,2023-01-18 05:18:50,60.392,5.328,34.9,98,0,1.14,clear sky
504,Kinkala,CG,2023-01-18 05:18:50,-4.3614,14.7644,67.32,95,100,1.05,overcast clouds
505,Nemencine,LT,2023-01-18 05:18:51,54.85,25.4833,36.12,90,100,4.68,overcast clouds
506,Mbekenyera,TZ,2023-01-18 05:18:52,-10.0,38.9833,73.47,94,97,0.45,light rain
507,Kudahuvadhoo,MV,2023-01-18 05:18:52,2.6708,72.8944,80.96,76,48,9.35,scattered clouds
508,Inhambane,MZ,2023-01-18 05:18:53,-23.865,35.3833,82.02,73,31,6.89,scattered clouds
509,Tasgaon,IN,2023-01-18 05:16:07,17.0333,74.6,78.22,28,8,6.2,clear sky
510,Gevrai,IN,2023-01-18 05:18:53,19.2667,75.75,75.52,38,5,5.66,clear sky
511,Roald,NO,2023-01-18 05:18:54,62.5833,6.1333,38.34,75,100,5.75,overcast clouds
512,Jyvaskyla,FI,2023-01-18 05:18:54,62.2415,25.7209,32.34,96,100,13.8,light shower snow
513,Aksarka,RU,2023-01-18 05:18:55,66.5606,67.7975,4.14,96,99,4.94,overcast clouds
514,Itarema,BR,2023-01-18 05:18:55,-2.9248,-39.9167,77.45,81,83,10.49,broken clouds
515,San Antonio,US,2023-01-18 05:16:05,29.4241,-98.4936,69.26,86,100,8.05,overcast clouds
516,Marovoay,MG,2023-01-18 05:19:55,-16.1,46.6333,78.85,69,100,7.36,overcast clouds
517,Toamasina,MG,2023-01-18 05:19:56,-18.1667,49.3833,80.6,78,75,8.05,moderate rain
518,Uvat,RU,2023-01-18 05:19:56,59.1433,68.8953,11.61,87,79,8.21,broken clouds
519,Springbok,ZA,2023-01-18 05:19:57,-29.6643,17.8865,75.78,27,40,10.36,scattered clouds
520,Boden,SE,2023-01-18 05:19:57,65.8252,21.6886,30.2,97,100,10.29,light snow
521,Antofagasta,CL,2023-01-18 05:19:57,-23.65,-70.4,67.28,82,25,4.05,scattered clouds
522,Havre-Saint-Pierre,CA,2023-01-18 05:19:58,50.2334,-63.5986,35.96,100,100,6.91,overcast clouds
523,Nea Makri,GR,2023-01-18 05:19:58,38.0833,23.9833,63.81,75,20,24.16,few clouds
524,Adre,TD,2023-01-18 05:19:59,13.4667,22.2,59.9,29,73,9.95,broken clouds
525,Alexandria,EG,2023-01-18 05:17:27,31.2156,29.9553,53.91,77,0,7.31,clear sky
526,Svetlogorsk,BY,2023-01-18 05:20:00,52.6333,29.7333,38.28,95,100,12.39,overcast clouds
527,Kuruman,ZA,2023-01-18 05:20:01,-27.4524,23.4325,72.41,38,42,9.89,scattered clouds
528,Cozumel,MX,2023-01-18 05:20:02,20.5083,-86.9458,73.94,88,40,3.44,scattered clouds
529,Panyutyne,UA,2023-01-18 05:20:03,48.9333,36.2833,36.73,89,97,17.18,overcast clouds
530,Aljezur,PT,2023-01-18 05:20:05,37.3191,-8.8033,53.24,65,97,23.29,overcast clouds
531,Tuzha,RU,2023-01-18 05:20:06,57.6062,47.936,14.04,86,100,10.07,overcast clouds
532,Xapuri,BR,2023-01-18 05:20:07,-10.6517,-68.5044,71.29,98,96,0.67,overcast clouds
533,Abu Kamal,SY,2023-01-18 05:20:08,34.4506,40.9171,49.3,75,3,7.25,clear sky
534,Presidencia Roque Saenz Pena,AR,2023-01-18 05:20:08,-26.7852,-60.4388,78.82,38,49,5.1,scattered clouds
535,Vyazma,RU,2023-01-18 05:20:10,55.2104,34.2951,33.33,98,100,12.03,overcast clouds
536,Yokadouma,CM,2023-01-18 05:20:11,3.5167,15.05,65.57,47,100,1.1,overcast clouds
537,Olinda,BR,2023-01-18 05:17:49,-8.0089,-34.8553,80.33,74,75,6.91,broken clouds
538,Moose Factory,CA,2023-01-18 05:20:13,51.2585,-80.6094,21.2,86,100,13.8,light snow
539,Bull Savanna,JM,2023-01-18 05:20:14,17.8868,-77.5902,69.08,82,0,5.95,clear sky
540,Padang,ID,2023-01-18 05:20:15,-0.9492,100.3543,84.25,60,80,2.33,broken clouds
541,Kolondieba,ML,2023-01-18 05:20:16,11.0882,-6.8926,68.13,18,12,5.57,few clouds
542,Raga,SS,2023-01-18 05:19:47,8.4596,25.678,63.36,29,14,4.65,few clouds
543,Ylojarvi,FI,2023-01-18 05:20:17,61.5563,23.5961,32.63,100,100,10.36,light snow
544,Deer Lake,CA,2023-01-18 05:20:18,49.1667,-57.4316,35.46,100,40,2.3,scattered clouds
545,Marathon,US,2023-01-18 05:20:19,44.9,-89.7668,33.33,90,100,6.91,overcast clouds
546,La Libertad,EC,2023-01-18 05:20:20,-2.2333,-80.9,75.24,74,99,8.16,overcast clouds
547,Visby,SE,2023-01-18 05:20:21,57.6409,18.296,35.82,93,20,11.5,few clouds
548,Savannah Bight,HN,2023-01-18 05:20:21,16.45,-85.85,78.75,75,6,27.47,clear sky
549,Mitsamiouli,KM,2023-01-18 05:20:23,-11.3847,43.2844,80.73,77,98,6.51,moderate rain
550,Vazante,BR,2023-01-18 05:20:23,-17.9869,-46.9078,67.35,82,71,2.48,broken clouds
551,Utrecht,NL,2023-01-18 05:16:48,52.0,5.25,32.99,93,44,3.0,scattered clouds
552,General Pico,AR,2023-01-18 05:20:25,-35.6566,-63.7568,73.13,57,100,11.05,moderate rain
553,Shubarshi,KZ,2023-01-18 05:20:26,48.5872,57.1869,10.71,68,0,8.72,clear sky
554,Mahajanga,MG,2023-01-18 05:20:27,-15.7167,46.3167,82.42,69,20,6.91,few clouds
555,Rock Hill,US,2023-01-18 05:20:28,34.9249,-81.0251,53.55,93,100,4.61,overcast clouds
556,Geraldton,AU,2023-01-18 05:16:45,-28.7667,114.6,97.21,26,0,23.02,clear sky
557,San Rafael Del Sur,NI,2023-01-18 05:20:29,11.8485,-86.4384,74.37,73,7,5.3,clear sky
558,Chernaya Kholunitsa,RU,2023-01-18 05:20:30,58.8511,51.7154,12.72,92,100,8.66,overcast clouds
559,Cururupu,BR,2023-01-18 05:20:31,-1.8283,-44.8683,73.29,93,65,3.38,broken clouds
560,Male,MV,2023-01-18 05:20:32,4.1748,73.5089,85.95,79,40,14.97,scattered clouds
561,Tandur,IN,2023-01-18 05:20:32,17.2333,77.5833,78.55,36,0,6.76,clear sky
562,Meulaboh,ID,2023-01-18 05:20:33,4.1363,96.1285,82.42,58,100,1.52,overcast clouds
563,Igbo Ora,NG,2023-01-18 05:21:34,7.4333,3.2833,71.87,77,8,1.39,clear sky
564,Muli,MV,2023-01-18 05:21:34,2.9167,73.5667,81.28,75,41,9.42,scattered clouds
565,Karapyshi,UA,2023-01-18 05:21:35,49.6424,30.79,45.82,89,100,18.81,overcast clouds
566,Virginia Beach,US,2023-01-18 05:16:43,36.8529,-75.978,52.05,92,75,12.66,broken clouds
567,El Tocuyo,VE,2023-01-18 05:21:36,9.7873,-69.7937,66.51,87,20,3.11,few clouds
568,Zhezkazgan,KZ,2023-01-18 05:21:37,47.8043,67.7144,3.18,72,0,15.66,clear sky
569,Nadvoitsy,RU,2023-01-18 05:21:37,63.8667,34.3167,19.09,95,100,8.81,light snow
570,Keti Bandar,PK,2023-01-18 05:21:38,24.1447,67.4497,67.33,16,0,11.45,clear sky
571,Ginda,IN,2023-01-18 05:21:39,30.6945,78.4932,53.11,12,81,4.03,broken clouds
572,Eirunepe,BR,2023-01-18 05:21:40,-6.6603,-69.8736,71.26,99,90,2.26,overcast clouds
573,Bojnurd,IR,2023-01-18 05:21:41,37.4747,57.329,24.75,86,0,0.0,clear sky
574,Luwingu,ZM,2023-01-18 05:21:42,-10.2621,29.9271,60.91,97,100,3.69,light rain
575,Thompson,CA,2023-01-18 05:21:42,55.7435,-97.8558,14.16,85,100,2.3,light snow
576,Kathu,TH,2023-01-18 05:21:43,7.9178,98.3332,87.62,65,90,8.01,overcast clouds
577,Ilek,RU,2023-01-18 05:21:44,51.5271,53.3831,3.47,84,5,8.68,clear sky
578,Jacqueville,CI,2023-01-18 05:21:44,5.2052,-4.4146,79.68,83,81,4.16,broken clouds
579,Pau Brasil,BR,2023-01-18 05:21:45,-15.4642,-39.6511,71.38,92,61,0.54,broken clouds
580,Itapuranga,BR,2023-01-18 05:21:45,-15.5622,-49.9486,66.92,88,13,1.5,few clouds
581,The Valley,AI,2023-01-18 05:21:46,18.217,-63.0578,76.86,79,11,17.05,few clouds
582,Troy,US,2023-01-18 05:21:46,42.6056,-83.1499,39.88,84,100,14.97,overcast clouds
583,Tiznit,MA,2023-01-18 05:21:47,29.5833,-9.5,50.32,81,60,8.03,broken clouds
584,Impfondo,CG,2023-01-18 05:21:49,1.6381,18.0667,68.36,80,65,2.77,broken clouds
585,Aguimes,ES,2023-01-18 05:21:50,27.9054,-15.4461,57.83,77,40,11.5,scattered clouds
586,Goure,NE,2023-01-18 05:21:51,13.9835,10.2704,56.82,31,0,8.61,clear sky
587,Bhinmal,IN,2023-01-18 05:21:51,25.0,72.25,66.06,18,1,6.33,clear sky
588,Benguela,AO,2023-01-18 05:21:52,-12.5763,13.4055,76.95,76,100,3.47,overcast clouds
589,Takoradi,GH,2023-01-18 05:21:53,4.8845,-1.7554,77.94,86,42,4.25,light rain
590,Daugai,LT,2023-01-18 05:20:26,54.3667,24.3333,33.87,92,98,6.2,overcast clouds
591,Tanout,NE,2023-01-18 05:21:55,14.9709,8.8879,55.45,32,8,11.41,clear sky
592,Maniitsoq,GL,2023-01-18 05:21:55,65.4167,-52.9,-0.13,71,43,9.86,scattered clouds
593,Filadelfia,US,2023-01-18 05:17:47,39.9523,-75.1638,44.01,91,100,16.11,mist
594,Barranca,PE,2023-01-18 05:21:56,-10.75,-77.7667,69.4,78,99,4.18,overcast clouds
595,Vila Franca Do Campo,PT,2023-01-18 05:21:57,37.7167,-25.4333,54.01,77,16,8.34,few clouds
596,Kanniyakumari,IN,2023-01-18 05:21:58,8.0833,77.5667,80.44,63,10,21.54,clear sky
597,Channel-Port Aux Basques,CA,2023-01-18 05:20:27,47.5702,-59.1367,37.56,97,100,11.25,overcast clouds
598,Guantanamo,CU,2023-01-18 05:22:00,20.1444,-75.2092,69.37,84,0,3.83,clear sky
599,Sal Rei,CV,2023-01-18 05:22:02,16.1833,-22.9167,72.63,80,77,20.54,broken clouds
600,Noyabrsk,RU,2023-01-18 05:22:03,63.1994,75.4507,6.58,96,100,8.63,overcast clouds
601,Kemin,KG,2023-01-18 05:22:04,42.7846,75.6892,28.04,68,0,7.58,clear sky
602,Port-Gentil,GA,2023-01-18 05:22:05,-0.7193,8.7815,78.76,94,100,5.75,light rain
603,Badah,PK,2023-01-18 05:22:05,27.3332,68.0135,63.39,12,3,4.16,clear sky
604,San Jose,US,2023-01-18 05:17:44,37.3394,-121.895,47.91,80,0,3.44,clear sky
605,Autazes,BR,2023-01-18 05:22:06,-3.5797,-59.1306,71.11,99,100,1.74,overcast clouds
606,Copiapo,CL,2023-01-18 05:20:19,-27.3667,-70.3333,56.89,61,0,2.08,clear sky
607,Novyye Gorki,RU,2023-01-18 05:22:09,56.7253,41.0601,23.88,88,100,11.39,overcast clouds
608,Dimbokro,CI,2023-01-18 05:22:09,6.6451,-4.7048,69.31,94,36,2.8,scattered clouds
609,Turtas,RU,2023-01-18 05:22:10,58.9417,69.1325,11.3,87,80,8.37,broken clouds
610,Lasa,IT,2023-01-18 05:23:11,46.6166,10.7002,30.02,93,84,2.13,broken clouds
611,Masyaf,SY,2023-01-18 05:23:12,35.0653,36.3406,49.62,89,62,4.29,broken clouds
612,Madimba,TZ,2023-01-18 05:23:13,-10.4,40.3333,78.15,86,100,2.57,light rain
613,Maarianhamina,AX,2023-01-18 05:23:14,60.0973,19.9348,37.26,87,75,18.41,broken clouds
614,Sosua,DO,2023-01-18 05:23:15,19.7667,-70.5167,64.24,75,1,7.63,clear sky
615,Lovozero,RU,2023-01-18 05:23:17,68.005,35.0117,6.42,100,16,5.39,few clouds
616,Saint-Joseph,RE,2023-01-18 05:23:18,-21.3667,55.6167,80.98,79,99,13.91,overcast clouds
617,Balkanabat,TM,2023-01-18 05:23:20,39.5108,54.3671,35.24,43,7,5.01,clear sky
618,Bubaque,GW,2023-01-18 05:23:21,11.2833,-15.8333,77.58,63,86,6.89,overcast clouds
619,Bartica,GY,2023-01-18 05:23:22,6.4,-58.6167,73.72,93,74,1.74,broken clouds
620,Zeerust,ZA,2023-01-18 05:23:23,-25.5369,26.0751,69.71,69,30,9.42,scattered clouds
621,Baghdad,IQ,2023-01-18 05:23:23,33.3406,44.4009,48.11,100,0,10.36,clear sky
622,Hendek,TR,2023-01-18 05:23:24,40.7994,30.7481,52.68,57,95,8.86,overcast clouds
623,Vacaria,BR,2023-01-18 05:23:25,-28.5122,-50.9339,66.67,87,81,5.28,broken clouds
624,Neuquen,AR,2023-01-18 05:23:25,-38.9516,-68.0591,71.2,60,97,10.78,overcast clouds
625,Pravia,ES,2023-01-18 05:23:26,43.4906,-6.1508,40.23,87,75,1.14,light intensity shower rain
626,Buston,TJ,2023-01-18 05:23:27,40.2342,69.6948,26.78,50,1,15.66,mist
627,Tete,MZ,2023-01-18 05:23:29,-16.1564,33.5867,73.49,100,75,0.0,moderate rain
628,Maragogi,BR,2023-01-18 05:23:30,-9.0122,-35.2225,76.53,84,100,7.81,overcast clouds
629,Ornskoldsvik,SE,2023-01-18 05:23:30,63.2909,18.7153,32.95,100,100,10.36,light snow
630,Tsevie,TG,2023-01-18 05:23:31,6.4261,1.2133,76.08,85,37,4.63,scattered clouds
631,Birjand,IR,2023-01-18 05:23:32,32.8663,59.2211,34.27,100,100,0.0,snow
632,Mungaa,TZ,2023-01-18 05:23:33,-4.9667,34.8833,60.84,83,63,4.99,broken clouds
633,Qaqortoq,GL,2023-01-18 05:23:36,60.7167,-46.0333,18.7,72,100,5.66,overcast clouds
634,Les Cayes,HT,2023-01-18 05:23:37,18.2,-73.75,73.11,79,42,4.68,scattered clouds
635,Wiwili,NI,2023-01-18 05:23:37,13.6268,-85.8254,63.79,87,31,1.74,scattered clouds
636,Gornyak,RU,2023-01-18 05:23:37,50.9942,81.4661,3.7,94,55,6.98,broken clouds
637,Jamame,SO,2023-01-18 05:23:38,0.0722,42.7506,78.53,70,100,11.1,overcast clouds
638,Boldumsaz,TM,2023-01-18 05:23:38,42.1282,59.671,19.45,36,6,7.99,clear sky
639,Rush,IE,2023-01-18 05:23:39,53.5223,-6.0931,35.38,89,75,16.11,broken clouds
640,Mizdah,LY,2023-01-18 05:23:39,31.4451,12.9801,47.77,31,0,11.32,clear sky
641,Altamira,BR,2023-01-18 05:23:40,-3.2033,-52.2064,71.15,99,100,2.91,heavy intensity rain
642,Valdosta,US,2023-01-18 05:23:41,30.8327,-83.2785,63.03,91,75,8.05,broken clouds
643,Yarada,IN,2023-01-18 05:23:42,17.65,83.2667,82.72,51,0,6.91,haze
644,Urla,TR,2023-01-18 05:23:42,38.3229,26.764,59.81,77,69,16.49,broken clouds
645,Wamba,NG,2023-01-18 05:23:43,8.9333,8.6,68.95,24,2,3.36,clear sky
646,Viseu,PT,2023-01-18 05:23:44,40.661,-7.9097,38.73,85,89,12.8,overcast clouds
647,Asfi,MA,2023-01-18 05:23:44,32.2994,-9.2372,60.22,79,98,11.74,light rain
648,Bishopbriggs,GB,2023-01-18 05:23:45,55.9067,-4.2187,36.75,82,71,8.05,broken clouds
649,Makokou,GA,2023-01-18 05:23:46,0.5738,12.8642,68.74,95,53,1.99,broken clouds
650,Maxixe,MZ,2023-01-18 05:23:46,-23.8597,35.3472,81.93,73,28,6.55,scattered clouds
651,Vigrestad,NO,2023-01-18 05:21:53,58.5667,5.7,34.59,91,100,4.88,light snow
652,Bar Harbor,US,2023-01-18 05:23:48,44.3876,-68.2039,36.23,87,75,5.99,light rain
653,Palmares Do Sul,BR,2023-01-18 05:23:49,-30.2578,-50.5097,73.63,82,97,10.38,overcast clouds
654,Ikalamavony,MG,2023-01-18 05:23:50,-21.15,46.5833,69.85,77,90,11.63,overcast clouds
655,Ambanja,MG,2023-01-18 05:23:51,-13.6833,48.45,84.13,75,77,2.17,broken clouds
656,Edd,ER,2023-01-18 05:23:52,13.9297,41.6925,76.32,76,2,3.18,clear sky
657,Gidam,IN,2023-01-18 05:23:53,18.9833,81.4,81.14,41,1,1.43,clear sky
658,Axim,GH,2023-01-18 05:24:54,4.8699,-2.2405,78.22,83,47,4.92,light rain
659,Limoges,FR,2023-01-18 05:24:55,45.75,1.3333,32.68,93,100,12.66,mist
660,San Pedro De Macoris,DO,2023-01-18 05:24:55,18.4616,-69.2972,69.93,75,0,9.44,clear sky
661,Novosheshminsk,RU,2023-01-18 05:24:56,55.0651,51.2338,3.43,92,57,8.16,broken clouds
662,Puerto Del Rosario,ES,2023-01-18 05:24:57,28.5004,-13.8627,60.55,88,75,8.05,broken clouds
663,Chapeco,BR,2023-01-18 05:24:58,-27.0964,-52.6183,65.07,97,41,2.53,scattered clouds
664,Bhabua,IN,2023-01-18 05:24:59,25.05,83.6167,63.97,30,0,4.45,clear sky
665,Hetauda,NP,2023-01-18 05:25:00,27.4284,85.0322,61.95,46,0,5.19,clear sky
666,Artyom,AZ,2023-01-18 05:25:00,40.4723,50.333,41.14,77,66,6.53,broken clouds
667,Khor,RU,2023-01-18 05:25:01,47.8861,134.9464,-6.7,84,9,8.05,clear sky
668,Sorrento,IT,2023-01-18 05:21:32,40.626,14.3744,57.25,89,75,17.27,broken clouds
669,Mineiros,BR,2023-01-18 05:25:02,-17.5694,-52.5511,66.45,87,80,2.26,broken clouds
670,Cayenne,GF,2023-01-18 05:25:02,4.9333,-52.3333,73.44,100,100,0.0,overcast clouds
671,Rio Grande,BR,2023-01-18 05:25:03,-32.035,-52.0986,72.39,74,12,14.03,few clouds
672,Vaasa,FI,2023-01-18 05:25:04,63.096,21.6158,32.02,93,100,9.22,light snow
673,Thinadhoo,MV,2023-01-18 05:21:19,0.5333,72.9333,81.03,65,59,5.21,broken clouds
674,Stornoway,GB,2023-01-18 05:25:05,58.2093,-6.3865,37.36,85,75,10.36,broken clouds
675,Kargil,IN,2023-01-18 05:25:06,34.5667,76.1,-13.85,83,98,1.66,overcast clouds
676,Taoudenni,ML,2023-01-18 05:21:12,22.6783,-3.9836,62.22,23,96,2.46,overcast clouds
677,Turayf,SA,2023-01-18 05:25:07,31.6725,38.6637,39.45,87,0,3.44,clear sky
678,Sohbatpur,PK,2023-01-18 05:25:08,28.5202,68.5434,61.92,12,9,8.63,clear sky
679,Villamartin,ES,2023-01-18 05:25:10,36.8598,-5.6449,48.65,80,90,17.4,overcast clouds
680,Hit,IQ,2023-01-18 05:25:10,33.6416,42.8251,50.16,74,0,11.34,clear sky
681,Mehran,IR,2023-01-18 05:25:11,33.1222,46.1646,51.4,60,0,5.08,clear sky
682,Gvardeysk,RU,2023-01-18 05:25:12,54.6477,21.0651,28.45,89,83,5.37,broken clouds
683,Gagino,RU,2023-01-18 05:25:14,55.2314,45.0339,17.76,81,100,14.03,overcast clouds
684,Cartagena,CO,2023-01-18 05:25:14,10.3997,-75.5144,78.42,89,20,4.61,few clouds
685,Pangody,RU,2023-01-18 05:25:15,65.85,74.4859,1.33,97,98,9.35,overcast clouds
686,Assai,BR,2023-01-18 05:25:16,-23.3733,-50.8414,75.06,93,100,4.34,overcast clouds
687,Birin,NP,2023-01-18 05:25:16,26.8865,88.0718,53.06,46,7,5.86,clear sky
688,Sao Marcos,BR,2023-01-18 05:23:26,-28.9711,-51.0681,67.53,99,18,3.47,few clouds
689,Warrington,GB,2023-01-18 05:25:18,53.3925,-2.5802,36.61,95,75,4.61,broken clouds
690,Lucea,JM,2023-01-18 05:25:19,18.451,-78.1736,75.06,76,1,9.1,clear sky
691,Naspur,IN,2023-01-18 05:25:20,18.8333,79.45,78.15,45,2,6.78,clear sky
692,Jacksonville,US,2023-01-18 05:23:44,30.3322,-81.6556,64.51,81,0,9.22,clear sky
693,Kalashnikovo,RU,2023-01-18 05:25:22,57.2824,35.2262,31.68,95,100,12.37,light snow
694,Oviedo,ES,2023-01-18 05:21:28,43.3603,-5.8448,40.28,97,100,3.0,overcast clouds
695,Multai,IN,2023-01-18 05:25:24,21.7667,78.25,70.9,39,14,5.26,few clouds
696,Madison Heights,US,2023-01-18 05:25:25,42.4859,-83.1052,40.89,83,100,14.97,overcast clouds
697,George Town,MY,2023-01-18 05:25:25,5.4112,100.3354,89.55,51,20,8.05,few clouds
